Job_Title,Company_Name,Ratings,Location,Salary_Estimates,Company_Size,Founding_Year,Type,Industry,Sector,Revenue,Min_Salary,Max_Salary,Avg_Salary,Age
"Data Analyst (Kafka, API)",ITI Data,4.0,Hyderābād,4 - 6 ,201 to 500 Employees,1999,Company - Private,Information Technology Support Services,Information Technology,Unknown / Non-Applicable,4.0,6.0,5.0,26
FBT Data Operations - Document Control & Engineering Data Analyst,BP Energy,3.9,Pune,6 - 7 ,10000+ Employees,1908,Company - Public,Energy & Utilities,"Energy, mining, utilities",$10+ billion (USD),6.0,7.0,6.5,117
Business system owner Order management – Senior Analyst,Sanofi EU,4.0,Hyderābād,8 - 10 ,10000+ Employees,1973,Company - Public,Biotech & Pharmaceuticals,Pharmaceutical and biotechnology,$10+ billion (USD),8.0,10.0,9.0,52
Vendor Master Data Management Analyst,Sanofi EU,4.0,Hyderābād,6 - 10 ,10000+ Employees,1973,Company - Public,Biotech & Pharmaceuticals,Pharmaceutical and biotechnology,$10+ billion (USD),6.0,10.0,8.0,52
Global Planning Analyst,BP Energy,3.9,Pune,7 - 10 ,10000+ Employees,1908,Company - Public,Energy & Utilities,"Energy, mining, utilities",$10+ billion (USD),7.0,10.0,8.5,117
Global Planning Analyst,BP Energy,3.9,Pune,7 - 10 ,10000+ Employees,1908,Company - Public,Energy & Utilities,"Energy, mining, utilities",$10+ billion (USD),7.0,10.0,8.5,117
FP&A Analytics & Digitization Senior Analyst,BP Energy,3.9,Pune,7 - 10 ,10000+ Employees,1908,Company - Public,Energy & Utilities,"Energy, mining, utilities",$10+ billion (USD),7.0,10.0,8.5,117
Systems and Performance Insights Analyst - TSI,BP Energy,3.9,Pune,5 - 8 ,10000+ Employees,1908,Company - Public,Energy & Utilities,"Energy, mining, utilities",$10+ billion (USD),5.0,8.0,6.5,117
Risk Assurance - Senior Analyst,Sanofi EU,4.0,Hyderābād,3 - 7 ,10000+ Employees,1973,Company - Public,Biotech & Pharmaceuticals,Pharmaceutical and biotechnology,$10+ billion (USD),3.0,7.0,5.0,52
Senior Analyst,BP Energy,3.9,Pune,7 - 10 ,10000+ Employees,1908,Company - Public,Energy & Utilities,"Energy, mining, utilities",$10+ billion (USD),7.0,10.0,8.5,117
FP&A Analytics & Digitization Solutions Senior Analyst,BP Energy,3.9,Pune,7 - 10 ,10000+ Employees,1908,Company - Public,Energy & Utilities,"Energy, mining, utilities",$10+ billion (USD),7.0,10.0,8.5,117
FP&A Analytics & Digitization Solution delivery project Senior Analyst,BP Energy,3.9,Pune,7 - 10 ,10000+ Employees,1908,Company - Public,Energy & Utilities,"Energy, mining, utilities",$10+ billion (USD),7.0,10.0,8.5,117
Asset & Wealth Management Operations - Ops Product Data - Analyst - Hyderabad,Goldman Sachs,3.8,Hyderābād,8 - 10 ,10000+ Employees,1869,Company - Public,Investment & Asset Management,Finance,$10+ billion (USD),8.0,10.0,9.0,156
Benchmarking Analyst - TSI,BP Energy,3.9,Pune,7 - 10 ,10000+ Employees,1908,Company - Public,Energy & Utilities,"Energy, mining, utilities",$10+ billion (USD),7.0,10.0,8.5,117
Technology &Transformation | EAD Engineering | Data Analyst,Deloitte,4.0,Bengaluru,6 - 9 ,10000+ Employees,1850,Company - Private,Business consulting,Management and consulting,Unknown / Non-Applicable,6.0,9.0,7.5,175
Senior AR Analyst,BP Energy,3.9,Pune,6 - 7 ,10000+ Employees,1908,Company - Public,Energy & Utilities,"Energy, mining, utilities",$10+ billion (USD),6.0,7.0,6.5,117
FP&A O&G Data Modelling Senior Analyst,BP Energy,3.9,Pune,7 - 10 ,10000+ Employees,1908,Company - Public,Energy & Utilities,"Energy, mining, utilities",$10+ billion (USD),7.0,10.0,8.5,117
Associate Analyst - Data Solutions,Altus Group,3.6,Telangana,4 - 10 ,1001 to 5000 Employees,2005,Company - Public,Real estate,Real estate,$100 to $500 million (USD),4.0,10.0,7.0,20
Data Analyst,DAZN,2.9,Hyderābād,8 - 10 ,1001 to 5000 Employees,2015,Company - Private,Internet & Web Services,Information Technology,Unknown / Non-Applicable,8.0,10.0,9.0,10
Data Analyst,L&T Technology Services Limited.,3.4,Vadodara,4 - 6 ,10000+ Employees,2014,Company - Public,Information Technology Support Services,Information Technology,$500 million to $1 billion (USD),4.0,6.0,5.0,11
Data Analyst - Offshore,Quest Global,3.7,Bengaluru,7 - 9 ,10000+ Employees,1997,Company - Private,Information Technology Support Services,Information Technology,$500 million to $1 billion (USD),7.0,9.0,8.0,28
"Analyst - Model Risk Management, Model Validation",BlackRock Investments,3.9,Gurgaon,6 - 9 ,10000+ Employees,1988,Company - Public,Investment & Asset Management,Finance,$10+ billion (USD),6.0,9.0,7.5,37
Junior Business Analyst - Asset Management Risk Controls,Delta Capita,3.3,Hyderābād,7 - 10 ,501 to 1000 Employees,2012,Company - Private,Investment & Asset Management,Finance,$25 to $50 million (USD),7.0,10.0,8.5,13
Data Analyst,HNM Solutions,4.3,Pune,3 - 6 ,51 to 200 Employees,-1,Company - Private,--,--,Unknown / Non-Applicable,3.0,6.0,4.5,-1
FBT Data Operations - Document Control & Engineering Data Analyst,BP Energy,3.9,Pune,6 - 7 ,10000+ Employees,1908,Company - Public,Energy & Utilities,"Energy, mining, utilities",$10+ billion (USD),6.0,7.0,6.5,117
Senior Analyst - Logistics AU,BP Energy,3.9,Pune,7 - 10 ,10000+ Employees,1908,Company - Public,Energy & Utilities,"Energy, mining, utilities",$10+ billion (USD),7.0,10.0,8.5,117
Performance Analyst - TSI,BP Energy,3.9,Pune,5 - 12 ,10000+ Employees,1908,Company - Public,Energy & Utilities,"Energy, mining, utilities",$10+ billion (USD),5.0,12.0,8.5,117
"Benefits Analyst, Total Rewards",Kimberly-Clark,4.0,Pune,3 - 8 ,10000+ Employees,1872,Company - Public,Consumer Product Manufacturing,Manufacturing,$10+ billion (USD),3.0,8.0,5.5,153
Senior Credit Risk Analyst,BP Energy,3.9,Pune,4 - 7 ,10000+ Employees,1908,Company - Public,Energy & Utilities,"Energy, mining, utilities",$10+ billion (USD),4.0,7.0,5.5,117
FP&A Analytics & Digitization Sustain Senior Analyst,BP Energy,3.9,Pune,7 - 10 ,10000+ Employees,1908,Company - Public,Energy & Utilities,"Energy, mining, utilities",$10+ billion (USD),7.0,10.0,8.5,117
Supply Chain Transformation - Performance Analyst,BP Energy,3.9,Pune,5 - 12 ,10000+ Employees,1908,Company - Public,Energy & Utilities,"Energy, mining, utilities",$10+ billion (USD),5.0,12.0,8.5,117
Associate Data Analyst,Optum,3.5,Hyderābād,2 - 10 ,10000+ Employees,-1,Company - Public,Healthcare Services & Hospitals,Healthcare,$10+ billion (USD),2.0,10.0,6.0,-1
Data Analyst,Autodesk,4.2,Bengaluru,1 ,10000+ Employees,1982,Company - Public,Enterprise Software & Network Solutions,Information Technology,$5 to $10 billion (USD),6.0,8.0,7.0,43
"Sustainability Analyst, Data and Reporting",JLL,3.8,Bengaluru,6 - 8 ,10000+ Employees,-1,Company - Public,Real estate,Real estate,$5 to $10 billion (USD),4.0,8.0,6.0,-1
Data Analyst / PMS Analyst,JiBe ERP,3.6,Navi Mumbai,4 - 8 ,201 to 500 Employees,2015,Company - Private,Information Technology Support Services,Information Technology,Unknown / Non-Applicable,5.0,7.0,6.0,10
Aladdin Financial Engineering Quantitative Research Associate,BlackRock Investments,3.9,Gurgaon,5 - 7 ,10000+ Employees,1988,Company - Public,Investment & Asset Management,Finance,$10+ billion (USD),3.0,6.0,4.5,37
Data Analyst,PradeepIT Consulting Services,4.6,Pune,3 - 6 ,51 to 200 Employees,2008,Company - Private,Information Technology Support Services,Information Technology,$1 to $5 million (USD),5.0,8.0,6.5,17
Data Operations Analyst,BP Energy,3.9,Pune,5 - 8 ,10000+ Employees,1908,Company - Public,Energy & Utilities,"Energy, mining, utilities",$10+ billion (USD),7.0,12.0,9.5,117
"Category Management Analyst, Center of Store",BP Energy,3.9,Pune,7 - 12 ,10000+ Employees,1908,Company - Public,Energy & Utilities,"Energy, mining, utilities",$10+ billion (USD),7.0,10.0,8.5,117
Senior Analyst - Logistics NZ,BP Energy,3.9,Pune,7 - 10 ,10000+ Employees,1908,Company - Public,Energy & Utilities,"Energy, mining, utilities",$10+ billion (USD),7.0,10.0,8.5,117
FP&A Business Performance Senior Analyst,BP Energy,3.9,Pune,7 - 10 ,10000+ Employees,1908,Company - Public,Energy & Utilities,"Energy, mining, utilities",$10+ billion (USD),5.0,6.0,5.5,117
Business Analyst (Entry Level),Kennect,4.5,Mumbai,5 - 6 ,51 to 200 Employees,2017,Company - Private,Software Development,Information Technology,Less than $1 million (USD),2.0,3.0,2.5,8
Data Analyst,Capgemini Engineering,3.5,Bengaluru,2 - 3 ,10000+ Employees,1967,Company - Public,Information Technology Support Services,Information Technology,$10+ billion (USD),8.0,9.0,8.5,58
Market Data Operations Analyst,"Intercontinental Exchange Holdings, Inc.",3.4,Hyderābād,8 - 9 ,5001 to 10000 Employees,2000,Company - Public,Stock Exchanges,Finance,$5 to $10 billion (USD),2.0,10.0,6.0,25
Data Analyst,Optum,3.5,Hyderābād,2 - 10 ,10000+ Employees,-1,Company - Public,Healthcare Services & Hospitals,Healthcare,$10+ billion (USD),5.0,6.0,5.5,-1
Data Analyst,"Intercontinental Exchange Holdings, Inc.",3.4,Hyderābād,5 - 6 ,5001 to 10000 Employees,2000,Company - Public,Stock Exchanges,Finance,$5 to $10 billion (USD),4.0,8.0,6.0,25
Junior Data Analyst (F),coolboots,2.6,Gurgaon,4 - 8 ,51 to 200 Employees,-1,Company - Private,--,--,Unknown / Non-Applicable,4.0,8.0,6.0,-1
Analyst-Data Analytics,Amex,4.1,Gurgaon,4 - 8 ,10000+ Employees,1850,Company - Public,Financial Transaction Processing,Finance,$10+ billion (USD),6.0,8.0,7.0,175
Market Research Data Analyst,Robas Research,3.7,Bengaluru,6 - 8 ,1 to 50 Employees,2012,Company - Private,Information Technology Support Services,Information Technology,Unknown / Non-Applicable,4.0,8.0,6.0,13
Data Analyst,Godaam Innovations,4.0,Nashik,4 - 8 ,1 to 50 Employees,-1,Company - Private,--,--,Unknown / Non-Applicable,6.0,7.0,6.5,-1
Financial Analyst 1,Hewlett Packard,4.0,Bengaluru,6 - 7 ,10000+ Employees,1939,Company - Public,Computer Hardware Development,Information Technology,Unknown / Non-Applicable,5.0,9.0,7.0,86
Data Analyst - GCSS,Whatfix,3.6,Bengaluru,5 - 9 ,501 to 1000 Employees,2013,Company - Private,Internet & Web Services,Information Technology,$25 to $50 million (USD),4.0,7.0,5.5,12
Junior Risk Analyst,Invesco,3.8,Hyderābād,4 - 7 ,5001 to 10000 Employees,1935,Company - Public,Investment & Asset Management,Finance,Unknown / Non-Applicable,3.0,7.0,5.0,90
Data Analysis,Leventm Technologies,5.0,Bengaluru,3 - 7 ,1 to 50 Employees,2018,Company - Private,Information Technology Support Services,Information Technology,Less than $1 million (USD),6.0,7.0,6.5,7
FBT Data Operations - Document Control & Engineering Data Analyst,BP Energy,3.9,Pune,6 - 7 ,10000+ Employees,1908,Company - Public,Energy & Utilities,"Energy, mining, utilities",$10+ billion (USD),7.0,10.0,8.5,117
Senior Analyst,BP Energy,3.9,Pune,7 - 10 ,10000+ Employees,1908,Company - Public,Energy & Utilities,"Energy, mining, utilities",$10+ billion (USD),7.0,10.0,8.5,117
Benchmarking Analyst - TSI,BP Energy,3.9,Pune,7 - 10 ,10000+ Employees,1908,Company - Public,Energy & Utilities,"Energy, mining, utilities",$10+ billion (USD),5.0,12.0,8.5,117
Supply Chain Transformation - Performance Analyst,BP Energy,3.9,Pune,5 - 12 ,10000+ Employees,1908,Company - Public,Energy & Utilities,"Energy, mining, utilities",$10+ billion (USD),5.0,8.0,6.5,117
Solution Design Analyst – Demand and Supply Planning (Kinaxis Maestro),BP Energy,3.9,Pune,5 - 8 ,10000+ Employees,1908,Company - Public,Energy & Utilities,"Energy, mining, utilities",$10+ billion (USD),1.0,2.0,1.5,117
"Scaled Abuse Analyst, Trust & Safety, YouTube",YouTube,4.4,Hyderābād,1 - 2 ,1001 to 5000 Employees,2005,Subsidiary or Business Segment,Internet & Web Services,Information Technology,Unknown / Non-Applicable,6.0,9.0,7.5,20
Data Analyst,Nineleaps,4.0,Bengaluru,6 - 9 ,201 to 500 Employees,2014,Company - Private,Information Technology Support Services,Information Technology,Unknown / Non-Applicable,4.0,6.0,5.0,11
Data Research Analyst,Morningstar,4.0,Navi Mumbai,4 - 6 ,10000+ Employees,1984,Company - Public,Research and development,Management and consulting,$2 to $5 billion (USD),5.0,7.0,6.0,41
Junior Data Analyst (PGDM Finance Freshers),Institutional Shareholder Services,3.5,Mumbai,5 - 7 ,1001 to 5000 Employees,1985,Unknown,Research and development,Management and consulting,$25 to $50 million (USD),4.0,8.0,6.0,40
DATA ANALYST (FINANCE),Headphone Zone,2.5,Mumbai,4 - 8 ,51 to 200 Employees,-1,Company - Private,--,--,Unknown / Non-Applicable,2.0,10.0,6.0,-1
Data Analyst,ScopeHR Services,5.0,India,2 - 10 ,1 to 50 Employees,2012,Private Practice / Firm,HR Consulting,Human resources and staffing,Unknown / Non-Applicable,4.0,6.0,5.0,13
Data Analyst (Tableau),SailPoint,4.6,Pune,4 - 6 ,1001 to 5000 Employees,2005,Company - Private,Enterprise Software & Network Solutions,Information Technology,$100 to $500 million (USD),4.0,8.0,6.0,20
Data Analyst/Power BI,SourceMash Technologies,3.3,Mohali,4 - 8 ,51 to 200 Employees,-1,Company - Private,--,--,Unknown / Non-Applicable,4.0,7.0,5.5,-1
Data Visualization Analyst,Linesight,4.0,Mumbai,4 - 7 ,501 to 1000 Employees,1974,Company - Private,Business consulting,Management and consulting,Unknown / Non-Applicable,7.0,9.0,8.0,51
"Client Reporting Production CX, Analyst",BlackRock Investments,3.9,Mumbai,7 - 9 ,10000+ Employees,1988,Company - Public,Investment & Asset Management,Finance,$10+ billion (USD),4.0,8.0,6.0,37
Business Analyst - Logistics Analyst,Genpact,3.9,Hyderābād,4 - 8 ,10000+ Employees,1997,Company - Public,Information Technology Support Services,Information Technology,$2 to $5 billion (USD),8.0,9.0,8.5,28
Business Analyst,Cleartax,3.6,Bengaluru,8 - 9 ,1001 to 5000 Employees,2011,Company - Private,Internet & Web Services,Information Technology,Unknown / Non-Applicable,8.0,9.0,8.5,14
Fresher 2024 | Business Analyst,Propel Technology Group,4.4,Chennai,8 - 9 ,51 to 200 Employees,-1,Company - Private,Information Technology Support Services,Information Technology,Unknown / Non-Applicable,7.0,10.0,8.5,-1
Senior Analyst - Logistics AU,BP Energy,3.9,Pune,7 - 10 ,10000+ Employees,1908,Company - Public,Energy & Utilities,"Energy, mining, utilities",$10+ billion (USD),7.0,12.0,9.5,117
"Category Management Analyst, Foodservice and Beverage",BP Energy,3.9,Pune,7 - 12 ,10000+ Employees,1908,Company - Public,Energy & Utilities,"Energy, mining, utilities",$10+ billion (USD),6.0,7.0,6.5,117
Senior AR Analyst,BP Energy,3.9,Pune,6 - 7 ,10000+ Employees,1908,Company - Public,Energy & Utilities,"Energy, mining, utilities",$10+ billion (USD),5.0,8.0,6.5,117
Systems and Performance Insights Analyst - TSI,BP Energy,3.9,Pune,5 - 8 ,10000+ Employees,1908,Company - Public,Energy & Utilities,"Energy, mining, utilities",$10+ billion (USD),3.0,7.0,5.0,117
Risk Assurance - Senior Analyst,Sanofi EU,4.0,Hyderābād,3 - 7 ,10000+ Employees,1973,Company - Public,Biotech & Pharmaceuticals,Pharmaceutical and biotechnology,$10+ billion (USD),7.0,10.0,8.5,52
FP&A Control Senior Analyst Oil & Gas,BP Energy,3.9,Pune,7 - 10 ,10000+ Employees,1908,Company - Public,Energy & Utilities,"Energy, mining, utilities",$10+ billion (USD),7.0,10.0,8.5,117
FP&A Cost Performance Sr Analyst,BP Energy,3.9,Pune,7 - 10 ,10000+ Employees,1908,Company - Public,Energy & Utilities,"Energy, mining, utilities",$10+ billion (USD),7.0,10.0,8.5,117
FP&A O&G Data Modelling Senior Analyst,BP Energy,3.9,Pune,7 - 10 ,10000+ Employees,1908,Company - Public,Energy & Utilities,"Energy, mining, utilities",$10+ billion (USD),3.0,10.0,6.5,117
Analyst EDC Data Acquisition Expert - Mumbai/Bangalore/Hyderabad,Johnson & Johnson,4.1,Mumbai,3 - 10 ,10000+ Employees,1887,Company - Public,Biotech & Pharmaceuticals,Pharmaceutical and biotechnology,$10+ billion (USD),4.0,8.0,6.0,138
Data Analyst,Cindrebay School of Design,4.3,Cannanore,4 - 8 ,Unknown,-1,Company - Public,--,--,Unknown / Non-Applicable,7.0,10.0,8.5,-1
Global Planning Analyst,BP Energy,3.9,Pune,7 - 10 ,10000+ Employees,1908,Company - Public,Energy & Utilities,"Energy, mining, utilities",$10+ billion (USD),3.0,5.0,4.0,117
FBT Data Operations - Document Control & Engineering Data Senior Analyst,BP Energy,3.9,Pune,3 - 5 ,10000+ Employees,1908,Company - Public,Energy & Utilities,"Energy, mining, utilities",$10+ billion (USD),3.0,8.0,5.5,117
Inventory Analyst,BP Energy,3.9,Pune,3 - 8 ,10000+ Employees,1908,Company - Public,Energy & Utilities,"Energy, mining, utilities",$10+ billion (USD),4.0,7.0,5.5,117
Senior Credit Risk Analyst,BP Energy,3.9,Pune,4 - 7 ,10000+ Employees,1908,Company - Public,Energy & Utilities,"Energy, mining, utilities",$10+ billion (USD),4.0,8.0,6.0,117
Business Analyst - L2,Wipro Limited,3.6,Hyderābād,4 - 8 ,10000+ Employees,1945,Company - Public,Information Technology Support Services,Information Technology,$5 to $10 billion (USD),2.0,4.0,3.0,80
AM/DM -Data Analyst,Maruti Suzuki India Ltd,3.8,Gurgaon,2 - 4 ,10000+ Employees,-1,Company - Public,Transportation Equipment Manufacturing,Manufacturing,$10+ billion (USD),3.0,4.0,3.5,-1
Data Analyst,Proziod,3.6,Bengaluru,3 - 4 ,1 to 50 Employees,2016,Company - Private,Information Technology Support Services,Information Technology,Less than $1 million (USD),6.0,8.0,7.0,9
"Analyst, Business Delivery",Alter Domus,3.4,Hyderābād,6 - 8 ,5001 to 10000 Employees,2003,Company - Private,Accounting & Tax,Finance,Unknown / Non-Applicable,5.0,6.0,5.5,22
ISC -C-BOM Data Analyst,ALSTOM,3.8,Bengaluru,5 - 6 ,10000+ Employees,1928,Company - Public,Rail Transportation,Transportation and logistics,$5 to $10 billion (USD),5.0,8.0,6.5,97
Data Analyst,Matangi Industries,5.0,Ahmedabad,4 ,51 to 200 Employees,-1,Company - Public,--,--,Unknown / Non-Applicable,6.0,8.0,7.0,-1
"Analyst II, Global Financial Data Operations",Kroll,3.5,Hyderābād,5 - 8 ,5001 to 10000 Employees,1932,Company - Private,Financial Transaction Processing,Finance,$2 to $5 billion (USD),7.0,10.0,8.5,93
Data Analyst I,Tekion,3.5,Bengaluru,6 - 8 ,1001 to 5000 Employees,2016,Company - Private,Enterprise Software & Network Solutions,Information Technology,Unknown / Non-Applicable,7.0,10.0,8.5,9
Client Data Analyst,JPMorganChase,4.1,Bengaluru,7 - 10 ,10000+ Employees,1799,Company - Public,Banking & Lending,Finance,$10+ billion (USD),7.0,10.0,8.5,226
Benchmarking Analyst - TSI,BP Energy,3.9,Pune,7 - 10 ,10000+ Employees,1908,Company - Public,Energy & Utilities,"Energy, mining, utilities",$10+ billion (USD),2.0,10.0,6.0,117
FP&A Analytics & Digitization Sustain Senior Analyst,BP Energy,3.9,Pune,7 - 10 ,10000+ Employees,1908,Company - Public,Energy & Utilities,"Energy, mining, utilities",$10+ billion (USD),3.0,8.0,5.5,117
"Data Analyst - Power BI, Python and Alteryx",Optum,3.5,Hyderābād,2 - 10 ,10000+ Employees,-1,Company - Public,Healthcare Services & Hospitals,Healthcare,$10+ billion (USD),4.0,7.0,5.5,-1
Business Analyst(Contract),Wipro Limited,3.6,Bengaluru,3 - 8 ,10000+ Employees,1945,Company - Public,Information Technology Support Services,Information Technology,$5 to $10 billion (USD),7.0,8.0,7.5,80
Reporting and Analytics Analyst,S&P Global,4.1,Gurgaon,4 - 7 ,10000+ Employees,1860,Company - Public,Research and development,Management and consulting,$10+ billion (USD),3.0,6.0,4.5,165
Python Data Analyst,MSCI Inc,4.1,Mumbai,7 - 8 ,1001 to 5000 Employees,1969,Company - Public,Investment & Asset Management,Finance,$2 to $5 billion (USD),15.0,25.0,20.0,56
Data Analyst,Hexanika,3.4,Pune,3 - 6 ,1 to 50 Employees,-1,Company - Private,--,--,Unknown / Non-Applicable,3.0,9.0,6.0,-1
Data Analyst,Sanjay Hyundai,4.3,India,15 - 25 ,1 to 50 Employees,1954,Company - Private,Motor Vehicle Dealers,Retail and wholesale,Unknown / Non-Applicable,4.0,8.0,6.0,71
"System Analyst I, EU Compliance",ADCI HYD 13 SEZ,3.6,Hyderābād,3 - 9 ,10000+ Employees,1994,Company - Public,Internet & Web Services,Information Technology,$10+ billion (USD),6.0,15.0,10.5,31
DATA ANALYST,Gemini Exports,3.9,Mumbai,4 - 8 ,1 to 50 Employees,-1,Company - Private,--,--,Unknown / Non-Applicable,8.0,10.0,9.0,-1
Procurement Analyst,Altus Group,3.6,Telangana,6 - 15 ,1001 to 5000 Employees,2005,Company - Public,Real estate,Real estate,$100 to $500 million (USD),5.0,8.0,6.5,20
Data Analyst,Prodapt,3.6,Chennai,8 - 10 ,51 to 200 Employees,-1,Company - Private,Computer Hardware Development,Information Technology,$5 to $25 million (USD),5.0,8.0,6.5,-1
Data/Research Analyst,PCDS Infotech,5.0,Mumbai,5 - 8 ,51 to 200 Employees,-1,Company - Private,--,--,Unknown / Non-Applicable,5.0,9.0,7.0,-1
Data Analyst 3 (Hyderabad),Hyland Software,3.6,Hyderābād,5 - 8 ,1001 to 5000 Employees,1991,Company - Private,Software Development,Information Technology,$500 million to $1 billion (USD),3.0,5.0,4.0,34
Workforce Planning Analyst - IEX,Optum,3.5,Gurgaon,5 - 9 ,10000+ Employees,-1,Company - Public,Healthcare Services & Hospitals,Healthcare,$10+ billion (USD),5.0,8.0,6.5,-1
FBT Data Operations - Document Control & Engineering Data Senior Analyst,BP Energy,3.9,Pune,3 - 5 ,10000+ Employees,1908,Company - Public,Energy & Utilities,"Energy, mining, utilities",$10+ billion (USD),6.0,7.0,6.5,117
Systems and Performance Insights Analyst - TSI,BP Energy,3.9,Pune,5 - 8 ,10000+ Employees,1908,Company - Public,Energy & Utilities,"Energy, mining, utilities",$10+ billion (USD),4.0,7.0,5.5,117
Senior AR Analyst,BP Energy,3.9,Pune,6 - 7 ,10000+ Employees,1908,Company - Public,Energy & Utilities,"Energy, mining, utilities",$10+ billion (USD),7.0,10.0,8.5,117
Senior Credit Risk Analyst,BP Energy,3.9,Pune,4 - 7 ,10000+ Employees,1908,Company - Public,Energy & Utilities,"Energy, mining, utilities",$10+ billion (USD),7.0,10.0,8.5,117
FP&A Cost Performance Sr Analyst,BP Energy,3.9,Pune,7 - 10 ,10000+ Employees,1908,Company - Public,Energy & Utilities,"Energy, mining, utilities",$10+ billion (USD),4.0,8.0,6.0,117
FP&A O&G Data Modelling Senior Analyst,BP Energy,3.9,Pune,7 - 10 ,10000+ Employees,1908,Company - Public,Energy & Utilities,"Energy, mining, utilities",$10+ billion (USD),7.0,8.0,7.5,117
Data Analyst,altbalaji,2.7,Mumbai,4 - 8 ,51 to 200 Employees,-1,Company - Public,--,--,Unknown / Non-Applicable,8.0,10.0,9.0,-1
Business Analyst,IntouchCX,3.2,Hyderābād,7 - 8 ,10000+ Employees,2000,Company - Private,Business consulting,Management and consulting,$100 to $500 million (USD),2.0,10.0,6.0,25
Internal Audit-Hyderabad-Analyst-Data Analytics,Goldman Sachs,3.8,Hyderābād,8 - 10 ,10000+ Employees,1869,Company - Public,Investment & Asset Management,Finance,$10+ billion (USD),6.0,8.0,7.0,156
Risk-Analyst-Data Assurance- Analytics & Reporting,Goldman Sachs,3.8,Bengaluru,2 - 10 ,10000+ Employees,1869,Company - Public,Investment & Asset Management,Finance,$10+ billion (USD),3.0,7.0,5.0,156
Associate Healthcare Research & Data Analyst,Clarivate,3.6,Noida,6 - 8 ,10000+ Employees,2016,Company - Public,Information Technology Support Services,Information Technology,$2 to $5 billion (USD),20.0,30.0,25.0,9
Data Analyst,Orbit & Skyline,4.0,Mohali,3 - 7 ,201 to 500 Employees,2009,Company - Private,Architectural & Engineering Services,"Construction, repair and maintenance",Unknown / Non-Applicable,6.0,8.0,7.0,16
Data Analyst,Hashtag Infosystem,3.4,India,20 - 30 ,51 to 200 Employees,-1,Company - Private,--,--,Unknown / Non-Applicable,7.0,10.0,8.5,-1
Client Data Analyst (ECM Alpha),ION,3.3,Mumbai,6 - 8 ,Unknown,-1,Unknown,Architectural & Engineering Services,"Construction, repair and maintenance",Unknown / Non-Applicable,7.0,10.0,8.5,-1
Global Planning Analyst,BP Energy,3.9,Pune,7 - 10 ,10000+ Employees,1908,Company - Public,Energy & Utilities,"Energy, mining, utilities",$10+ billion (USD),5.0,12.0,8.5,117
Senior Analyst - Logistics AU,BP Energy,3.9,Pune,7 - 10 ,10000+ Employees,1908,Company - Public,Energy & Utilities,"Energy, mining, utilities",$10+ billion (USD),3.0,4.0,3.5,117
Supply Chain Transformation - Performance Analyst,BP Energy,3.9,Pune,5 - 12 ,10000+ Employees,1908,Company - Public,Energy & Utilities,"Energy, mining, utilities",$10+ billion (USD),6.0,8.0,7.0,117
Reporting Analyst,TTEC,3.3,Hyderābād,3 - 4 ,10000+ Employees,1982,Company - Public,HR Consulting,Human resources and staffing,$2 to $5 billion (USD),5.0,8.0,6.5,43
Data Analyst,"Intercontinental Exchange Holdings, Inc.",3.4,Pune,6 - 8 ,5001 to 10000 Employees,2000,Company - Public,Stock Exchanges,Finance,$5 to $10 billion (USD),8.0,10.0,9.0,25
Business Analyst-ARD RETAIL-ARD Retail Portfolio,Kotak Mahindra,3.5,Mumbai,5 - 8 ,10000+ Employees,1985,Company - Public,Banking & Lending,Finance,$2 to $5 billion (USD),5.0,7.0,6.0,40
Specialist - Data Analyst,Loyalytics Consulting,3.8,Bengaluru,8 - 10 ,51 to 200 Employees,2015,Company - Private,Information Technology Support Services,Information Technology,Unknown / Non-Applicable,5.0,9.0,7.0,10
Business Data Analyst,Coolberg Beverages,2.6,Mumbai,5 - 6 ,201 to 500 Employees,2016,Company - Private,Food & Beverage Manufacturing,Manufacturing,$5 to $25 million (USD),5.0,8.0,6.5,9
Data Analyst,Kennect,4.5,Mumbai,5 - 7 ,51 to 200 Employees,2017,Company - Private,Software Development,Information Technology,Less than $1 million (USD),4.0,6.0,5.0,8
"Data Analyst / BI Engineer, Business Intelligence",Snowflake,3.9,Pune,5 - 9 ,5001 to 10000 Employees,2012,Company - Public,Enterprise Software & Network Solutions,Information Technology,$2 to $5 billion (USD),6.0,7.0,6.5,13
Data Analyst,EisnerAmper LLP,3.8,Mumbai,5 - 8 ,1001 to 5000 Employees,1963,Company - Private,Accounting & Tax,Finance,$500 million to $1 billion (USD),10.0,12.0,11.0,62
Asset & Wealth Management Operations - Reporting & Analytics - Analyst - Bengaluru,Goldman Sachs,3.8,Bengaluru,4 - 6 ,10000+ Employees,1869,Company - Public,Investment & Asset Management,Finance,$10+ billion (USD),6.0,7.0,6.5,156
Asset & Wealth Management Operations - Deposit Fraud - Analyst - Hyderabad,Goldman Sachs,3.8,Hyderābād,6 - 7 ,10000+ Employees,1869,Company - Public,Investment & Asset Management,Finance,$10+ billion (USD),6.0,7.0,6.5,156
Flight Data Analyst,"AMETEK, Inc.",3.5,Bengaluru,10 - 12 ,10000+ Employees,1930,Company - Public,Electronics Manufacturing,Manufacturing,$5 to $10 billion (USD),2.0,4.0,3.0,95
"Analyst, Planning & Scheduling",Concentrix,3.9,Bengaluru,6 - 7 ,10000+ Employees,2004,Company - Public,Information Technology Support Services,Information Technology,$2 to $5 billion (USD),5.0,8.0,6.5,21
Data Governance & Management – Analytics Analyst,Deutsche Bank,3.9,Bengaluru,6 - 7 ,10000+ Employees,1870,Company - Public,Banking & Lending,Finance,$10+ billion (USD),3.0,7.0,5.0,155
"Asset & Wealth Management, Client Solutions Group Data Steward, Analyst",Goldman Sachs,3.8,Bengaluru,2 - 4 ,10000+ Employees,1869,Company - Public,Investment & Asset Management,Finance,$10+ billion (USD),6.0,7.0,6.5,156
Systems and Performance Insights Analyst - TSI,BP Energy,3.9,Pune,5 - 8 ,10000+ Employees,1908,Company - Public,Energy & Utilities,"Energy, mining, utilities",$10+ billion (USD),7.0,10.0,8.5,117
Risk Assurance - Senior Analyst,Sanofi EU,4.0,Hyderābād,3 - 7 ,10000+ Employees,1973,Company - Public,Biotech & Pharmaceuticals,Pharmaceutical and biotechnology,$10+ billion (USD),4.0,7.0,5.5,52
Senior AR Analyst,BP Energy,3.9,Pune,6 - 7 ,10000+ Employees,1908,Company - Public,Energy & Utilities,"Energy, mining, utilities",$10+ billion (USD),7.0,10.0,8.5,117
Benchmarking Analyst - TSI,BP Energy,3.9,Pune,7 - 10 ,10000+ Employees,1908,Company - Public,Energy & Utilities,"Energy, mining, utilities",$10+ billion (USD),6.0,7.0,6.5,117
Senior Credit Risk Analyst,BP Energy,3.9,Pune,4 - 7 ,10000+ Employees,1908,Company - Public,Energy & Utilities,"Energy, mining, utilities",$10+ billion (USD),5.0,8.0,6.5,117
FP&A Business Performance Senior Analyst,BP Energy,3.9,Pune,7 - 10 ,10000+ Employees,1908,Company - Public,Energy & Utilities,"Energy, mining, utilities",$10+ billion (USD),3.0,6.0,4.5,117
Asset & Wealth Management Operations - Fraud Strategy - Analyst - Hyderabad,Goldman Sachs,3.8,Bengaluru,6 - 7 ,10000+ Employees,1869,Company - Public,Investment & Asset Management,Finance,$10+ billion (USD),8.0,10.0,9.0,156
Associate Analyst,SG Analytics,3.2,Pune,5 - 8 ,501 to 1000 Employees,2006,Company - Private,Business consulting,Management and consulting,$25 to $50 million (USD),5.0,6.0,5.5,19
Associate Analyst,EY,3.7,Cochin,3 - 6 ,10000+ Employees,1989,Company - Private,Accounting & Tax,Finance,$10+ billion (USD),2.0,3.0,2.5,36
EDD Analyst II,Coinbase,3.8,Hyderābād,10 ,1001 to 5000 Employees,2012,Company - Public,Internet & Web Services,Information Technology,Unknown / Non-Applicable,5.0,7.0,6.0,13
Technology & Transformation EAD Engg| Power BI| Consultant,Deloitte,4.0,Bengaluru,8 - 10 ,10000+ Employees,1850,Company - Private,Business consulting,Management and consulting,Unknown / Non-Applicable,6.0,10.0,8.0,175
Data Analyst Japanese Expert,S&P Global,4.1,Hyderābād,5 - 6 ,10000+ Employees,1860,Company - Public,Research and development,Management and consulting,$10+ billion (USD),3.0,6.0,4.5,165
Associate Research Analyst,IndustryARC,3.4,Hyderābād,2 - 3 ,51 to 200 Employees,2013,Company - Private,Business consulting,Management and consulting,Unknown / Non-Applicable,6.0,9.0,7.5,12
"Business Systems Analyst - Macro, Excel, Analytical Trouble Shooting",Optum,3.5,Hyderābād,5 - 7 ,10000+ Employees,-1,Company - Public,Healthcare Services & Hospitals,Healthcare,$10+ billion (USD),4.0,8.0,6.0,-1
Data Analyst,KC Overseas Education,4.1,Nāgpur,6 - 10 ,501 to 1000 Employees,1998,Private Practice / Firm,Education Support & Training Services,Education,$100 to $500 million (USD),5.0,10.0,7.5,27
Data Analyst (ETL Tools),Alpha Analytics Services,4.0,Pune,3 - 6 ,51 to 200 Employees,-1,Company - Private,--,--,Unknown / Non-Applicable,5.0,8.0,6.5,-1
Analyst | Data Scientist/ Process Optimisation | Bengaluru | Supply Chain & Network Operations,Deloitte,4.0,Bengaluru,6 - 9 ,10000+ Employees,1850,Company - Private,Business consulting,Management and consulting,Unknown / Non-Applicable,5.0,12.0,8.5,175
Business Analyst - L2,Wipro Limited,3.6,Hyderābād,4 - 8 ,10000+ Employees,1945,Company - Public,Information Technology Support Services,Information Technology,$5 to $10 billion (USD),4.0,8.0,6.0,80
Business Data Analyst 2,GP Strategies Corporation,3.5,Chennai,5 - 10 ,1001 to 5000 Employees,1966,Company - Public,Business consulting,Management and consulting,$500 million to $1 billion (USD),5.0,8.0,6.5,59
Power BI Analyst,NetConnect Private Limited,3.2,Bengaluru,5 - 8 ,1001 to 5000 Employees,1997,Company - Private,Information Technology Support Services,Information Technology,Unknown / Non-Applicable,3.0,6.0,4.5,28
Supply Chain Transformation - Performance Analyst,BP Energy,3.9,Pune,5 - 12 ,10000+ Employees,1908,Company - Public,Energy & Utilities,"Energy, mining, utilities",$10+ billion (USD),7.0,10.0,8.5,117
Sourcing Analyst,Solenis,3.7,Hyderābād,4 - 8 ,5001 to 10000 Employees,2014,Company - Private,Chemical Manufacturing,Manufacturing,$2 to $5 billion (USD),6.0,9.0,7.5,11
Data Operations Analyst,BP,3.9,Pune,5 - 8 ,10000+ Employees,1908,Company - Public,Energy & Utilities,"Energy, mining, utilities",$10+ billion (USD),3.0,6.0,4.5,117
Data Analyst,Innovative Tech Hub,4.0,Pune,3 - 6 ,1 to 50 Employees,2016,Company - Private,Information Technology Support Services,Information Technology,$5 to $25 million (USD),5.0,8.0,6.5,9
Business Analyst,Solenis,3.7,Hyderābād,6 ,5001 to 10000 Employees,2014,Company - Private,Chemical Manufacturing,Manufacturing,$2 to $5 billion (USD),5.0,6.0,5.5,11
Technical business analyst Data,Virtusa,3.7,Pune,7 - 10 ,10000+ Employees,1996,Company - Private,Information Technology Support Services,Information Technology,$2 to $5 billion (USD),3.0,7.0,5.0,29
Technology Consulting-DP Data Analyst Associate Consultant,KPMG,3.7,Pune,6 - 9 ,10000+ Employees,1987,Company - Private,Business consulting,Management and consulting,$2 to $5 billion (USD),5.0,9.0,7.0,38
Data Operations Financial Analyst,Alter Domus,3.4,Hyderābād,3 - 6 ,5001 to 10000 Employees,2003,Company - Private,Accounting & Tax,Finance,Unknown / Non-Applicable,3.0,8.0,5.5,22
"Analyst I, Global Financial Data Operations",Kroll,3.5,Hyderābād,5 - 8 ,5001 to 10000 Employees,1932,Company - Private,Financial Transaction Processing,Finance,$2 to $5 billion (USD),3.0,9.0,6.0,93
Junior Quantitative Analyst (Equities),Millennium Management,3.6,Mumbai,5 - 6 ,5001 to 10000 Employees,1989,Company - Private,Investment & Asset Management,Finance,Unknown / Non-Applicable,5.0,7.0,6.0,36
Data Analyst,AgilizTech Software Services,4.2,Bengaluru,3 - 7 ,1 to 50 Employees,2015,Company - Private,Information Technology Support Services,Information Technology,Unknown / Non-Applicable,9.0,11.0,10.0,10
Vendor Risk Management Analyst,Xerox,3.3,Bengaluru,5 - 9 ,10000+ Employees,1906,Company - Public,Information Technology Support Services,Information Technology,$5 to $10 billion (USD),5.0,9.0,7.0,119
Data Analyst,JB Poindexter (India) Private Limited,3.9,Bengaluru,3 - 8 ,5001 to 10000 Employees,1983,Company - Private,Transportation Equipment Manufacturing,Manufacturing,$2 to $5 billion (USD),6.0,7.0,6.5,42
Trainee Business Analyst,Lab-Informatics,3.0,Hyderābād,3 - 9 ,51 to 200 Employees,2019,Company - Private,Information Technology Support Services,Information Technology,$1 to $5 million (USD),5.0,10.0,7.5,6
HRIS Data Analyst,LRQA group,3.2,Mumbai,5 - 7 ,Unknown,-1,Company - Private,Business consulting,Management and consulting,Unknown / Non-Applicable,4.0,9.0,6.5,-1
Business Intelligence Analyst,Barclays,3.9,Pune,9 - 11 ,10000+ Employees,1690,Company - Public,Banking & Lending,Finance,$10+ billion (USD),4.0,5.0,4.5,335
"Data Analyst Support, RoW SHARP",ASSPL - Karnataka,3.6,Bengaluru,5 - 9 ,10000+ Employees,1994,Company - Public,Internet & Web Services,Information Technology,$10+ billion (USD),3.0,7.0,5.0,31
FBT Data Operations - Document Control & Engineering Data Analyst,BP Energy,3.9,Pune,6 - 7 ,10000+ Employees,1908,Company - Public,Energy & Utilities,"Energy, mining, utilities",$10+ billion (USD),7.0,9.0,8.0,117
Business Analyst,JPMorganChase,4.1,Mumbai,5 - 10 ,10000+ Employees,1799,Company - Public,Banking & Lending,Finance,$10+ billion (USD),5.0,8.0,6.5,226
Risk Analyst,Khel Group Pvt Ltd,4.2,Mumbai,4 - 9 ,51 to 200 Employees,2012,Company - Private,Internet & Web Services,Information Technology,Unknown / Non-Applicable,9.0,10.0,9.5,13
Business Analyst,AXA,3.9,Bengaluru,4 - 5 ,10000+ Employees,1985,Company - Private,Insurance Carriers,Insurance,$10+ billion (USD),7.0,9.0,8.0,40
Data Analyst,Saven Technologies,3.7,Hyderābād,3 - 7 ,51 to 200 Employees,1994,Company - Private,Information Technology Support Services,Information Technology,Unknown / Non-Applicable,4.0,9.0,6.5,31
Cash Reporting - Analyst,ALSTOM,3.8,Bengaluru,7 - 9 ,10000+ Employees,1928,Company - Public,Rail Transportation,Transportation and logistics,$5 to $10 billion (USD),6.0,8.0,7.0,97
Data Analyst,Thoucentric,4.0,Bengaluru,5 - 8 ,501 to 1000 Employees,2015,Company - Private,Business consulting,Management and consulting,Unknown / Non-Applicable,4.0,10.0,7.0,10
Data Analyst – Competitive Benchmarking & Reporting,Reputation,4.0,Hyderābād,9 - 10 ,501 to 1000 Employees,2006,Company - Private,Enterprise Software & Network Solutions,Information Technology,$25 to $50 million (USD),4.0,7.0,5.5,19
BI Analyst,JLL,3.8,Bengaluru,7 - 9 ,10000+ Employees,-1,Company - Public,Real estate,Real estate,$5 to $10 billion (USD),3.0,7.0,5.0,-1
Research Analyst,BizKonnect Solutions Pvt Ltd.,4.9,Pune,4 ,51 to 200 Employees,2012,Company - Private,Internet & Web Services,Information Technology,Unknown / Non-Applicable,7.0,10.0,8.5,13
Master Data Analyst,Imerys,3.6,Hyderābād,4 - 9 ,10000+ Employees,1880,Company - Public,Machinery Manufacturing,Manufacturing,$2 to $5 billion (USD),7.0,9.0,8.0,145
Analyst - CMG - ME - Demand Gen - Data Analysis,Deloitte,4.0,Hyderābād,6 - 8 ,10000+ Employees,1850,Company - Private,Business consulting,Management and consulting,Unknown / Non-Applicable,15.0,20.0,17.5,175
Data Analyst - Growth,Bombay Play,4.3,Bengaluru,4 - 10 ,51 to 200 Employees,2017,Company - Private,Video Game Publishing,Media and communication,Unknown / Non-Applicable,5.0,9.0,7.0,8
Data Analyst,ScaleupAlly,4.1,Noida,4 - 7 ,51 to 200 Employees,2018,Company - Private,Information Technology Support Services,Information Technology,Less than $1 million (USD),6.0,9.0,7.5,7
Risk Assurance - Senior Analyst,Sanofi EU,4.0,Hyderābād,3 - 7 ,10000+ Employees,1973,Company - Public,Biotech & Pharmaceuticals,Pharmaceutical and biotechnology,$10+ billion (USD),7.0,8.0,7.5,52
Benchmarking Analyst - TSI,BP Energy,3.9,Pune,7 - 10 ,10000+ Employees,1908,Company - Public,Energy & Utilities,"Energy, mining, utilities",$10+ billion (USD),25.0,50.0,37.5,117
Data Analyst,Zeta Global,3.4,Hyderābād,7 - 9 ,1001 to 5000 Employees,2007,Company - Public,Advertising & Public Relations,Media and communication,$100 to $500 million (USD),4.0,8.0,6.0,18
Data Analyst,Peak Performance Advisors (OPS) PVTLTD,5.0,Coimbatore,15 - 20 ,1 to 50 Employees,-1,Self-employed,--,--,Unknown / Non-Applicable,4.0,6.0,5.0,-1
Business Technology Analyst - Financial Planning Analysis and Reporting - Hyderabad,Deloitte,4.0,Hyderābād,5 - 9 ,10000+ Employees,1850,Company - Private,Business consulting,Management and consulting,Unknown / Non-Applicable,50.0,80.0,65.0,175
"Business Analyst, Associate",Infor,4.0,Hyderābād,6 - 9 ,10000+ Employees,2002,Company - Private,Enterprise Software & Network Solutions,Information Technology,$2 to $5 billion (USD),4.0,6.0,5.0,23
Data Analyst,Convegenius,4.0,Jammu,7 - 8 ,51 to 200 Employees,2013,Company - Private,Primary & Secondary Schools,Education,$5 to $25 million (USD),4.0,7.0,5.5,12
Data Analyst Engineer,Softqube Technologies Pvt Ltd,4.1,India,25 - 50 ,51 to 200 Employees,-1,Company - Private,--,--,Unknown / Non-Applicable,6.0,7.0,6.5,-1
Junior Business Analyst,ApplogiQ,4.3,Tiruppūr,4 - 8 ,51 to 200 Employees,2020,Company - Private,Software Development,Information Technology,Unknown / Non-Applicable,5.0,7.0,6.0,5
Data Analyst with Power BI,Gainwell Technologies LLC,3.1,Bengaluru,4 - 6 ,10000+ Employees,2020,Company - Private,Information Technology Support Services,Information Technology,Unknown / Non-Applicable,4.0,9.0,6.5,5
Data Analyst / Financial Analyst,Thema Corporate Services Llp,4.0,Elpis,50 - 80 ,1 to 50 Employees,-1,Self-employed,HR Consulting,Human resources and staffing,Unknown / Non-Applicable,2.0,10.0,6.0,-1
Data Analyst,VXI Global Solutions,3.7,Hyderābād,4 - 6 ,10000+ Employees,1998,Company - Private,Information Technology Support Services,Information Technology,$100 to $500 million (USD),4.0,8.0,6.0,27
"Workforce Analyst, CR WFM",ADCI - BLR 14 SEZ - F07,3.6,Bengaluru,4 - 7 ,10000+ Employees,1994,Company - Public,Internet & Web Services,Information Technology,$10+ billion (USD),8.0,10.0,9.0,31
Asset & Wealth Management Operations - Deposit Fraud - Analyst - Hyderabad,Goldman Sachs,3.8,Hyderābād,6 - 7 ,10000+ Employees,1869,Company - Public,Investment & Asset Management,Finance,$10+ billion (USD),4.0,8.0,6.0,156
Process Analyst,Big Basket,3.7,India,5 - 7 ,1001 to 5000 Employees,2011,Company - Private,Grocery Stores,Retail and wholesale,Unknown / Non-Applicable,8.0,9.0,8.5,14
Risk Advisory Employee Vetting & Background checks Analyst,KPMG,3.7,Pune,4 - 9 ,10000+ Employees,1987,Company - Private,Business consulting,Management and consulting,$2 to $5 billion (USD),3.0,8.0,5.5,38
Business Analyst [Fresher],AddWeb Solution,4.4,Jaipur,3 ,51 to 200 Employees,2012,Company - Private,Information Technology Support Services,Information Technology,Less than $1 million (USD),3.0,8.0,5.5,13
Data Migration Business Analyst,LSEG (London Stock Exchange Group),3.7,Bengaluru,2 - 10 ,10000+ Employees,1698,Company - Public,Stock Exchanges,Finance,$5 to $10 billion (USD),7.0,8.0,7.5,327
Data Analyst,Stantec,3.9,Pune,4 - 8 ,10000+ Employees,1954,Company - Public,Architectural & Engineering Services,"Construction, repair and maintenance",$2 to $5 billion (USD),4.0,6.0,5.0,71
"Business Analyst Support, CoBRA",ASSPL - Karnataka,3.6,Bengaluru,8 - 10 ,10000+ Employees,1994,Company - Public,Internet & Web Services,Information Technology,$10+ billion (USD),4.0,10.0,7.0,31
Financial BI Analyst,Reveleer,3.8,Chennai,4 - 8 ,201 to 500 Employees,2009,Company - Private,Enterprise Software & Network Solutions,Information Technology,$25 to $50 million (USD),7.0,10.0,8.5,16
Research Analyst - Global Power Markets,Wood Mackenzie India Private Limited,3.3,Gurgaon,8 - 9 ,1001 to 5000 Employees,1923,Company - Private,Business consulting,Management and consulting,$100 to $500 million (USD),5.0,8.0,6.5,102
"Asset & Wealth Management, Marketing Analytics & Insights, Analyst, Bengaluru",Goldman Sachs,3.8,Bengaluru,7 ,10000+ Employees,1869,Company - Public,Investment & Asset Management,Finance,$10+ billion (USD),7.0,10.0,8.5,156
Data Analyst,Camsdata,4.5,Bengaluru,3 - 8 ,51 to 200 Employees,2017,Company - Private,Information Technology Support Services,Information Technology,$1 to $5 million (USD),5.0,8.0,6.5,8
Data Analyst,Proclink,4.2,Ahmedabad,3 - 8 ,1 to 50 Employees,-1,Contract,--,--,Unknown / Non-Applicable,6.0,7.0,6.5,-1
Business Analyst,Barclays,3.9,Pune,7 - 8 ,10000+ Employees,1690,Company - Public,Banking & Lending,Finance,$10+ billion (USD),5.0,8.0,6.5,335
Business Analyst,BizKonnect Solutions Pvt Ltd.,4.9,Pune,4 - 6 ,51 to 200 Employees,2012,Company - Private,Internet & Web Services,Information Technology,Unknown / Non-Applicable,3.0,7.0,5.0,13
Risk Advisory Business Analyst Consultant,KPMG,3.7,Mumbai,4 - 10 ,10000+ Employees,1987,Company - Private,Business consulting,Management and consulting,$2 to $5 billion (USD),6.0,8.0,7.0,38
Business Analyst,Virtusa,3.7,Pune,7 - 10 ,10000+ Employees,1996,Company - Private,Information Technology Support Services,Information Technology,$2 to $5 billion (USD),3.0,7.0,5.0,29
Systems and Performance Insights Analyst - TSI,BP Energy,3.9,Pune,5 - 8 ,10000+ Employees,1908,Company - Public,Energy & Utilities,"Energy, mining, utilities",$10+ billion (USD),8.0,9.0,8.5,117
Benchmarking Analyst - TSI,BP Energy,3.9,Pune,7 - 10 ,10000+ Employees,1908,Company - Public,Energy & Utilities,"Energy, mining, utilities",$10+ billion (USD),4.0,6.0,5.0,117
Solution Design Analyst – Demand and Supply Planning (Kinaxis Maestro),BP Energy,3.9,Pune,5 - 8 ,10000+ Employees,1908,Company - Public,Energy & Utilities,"Energy, mining, utilities",$10+ billion (USD),3.0,4.0,3.5,117
Asset & Wealth Management Operations - Deposit Fraud - Analyst - Hyderabad,Goldman Sachs,3.8,Hyderābād,6 - 7 ,10000+ Employees,1869,Company - Public,Investment & Asset Management,Finance,$10+ billion (USD),4.0,7.0,5.5,156
Data Analyst,ALLEN Career Institute,4.1,Kota,5 - 8 ,1001 to 5000 Employees,1988,Company - Private,Education Support & Training Services,Education,$100 to $500 million (USD),4.0,7.0,5.5,37
Finance Data Analyst,ATS Corporation,3.1,Bengaluru,3 - 7 ,201 to 500 Employees,2006,Company - Public,Information Technology Support Services,Information Technology,$25 to $50 million (USD),3.0,8.0,5.5,19
"Asset and Wealth Management, Business Analytics, Analyst, Bengaluru",Goldman Sachs,3.8,Bengaluru,6 - 8 ,10000+ Employees,1869,Company - Public,Investment & Asset Management,Finance,$10+ billion (USD),6.0,7.0,6.5,156
Data Analyst,Increasingly,4.9,Bengaluru,3 - 7 ,1 to 50 Employees,2017,Company - Private,Internet & Web Services,Information Technology,Unknown / Non-Applicable,5.0,10.0,7.5,8
Data Analyst,AstraZeneca,4.0,Chennai,8 - 9 ,10000+ Employees,1913,Company - Public,Biotech & Pharmaceuticals,Pharmaceutical and biotechnology,$10+ billion (USD),5.0,7.0,6.0,112
"Analyst - Supply Chain Data Ops, Governance & Reporting",Lowe's,4.2,Bengaluru,4 - 6 ,1001 to 5000 Employees,1921,Company - Public,Home Furniture & Housewares Stores,Retail and wholesale,$10+ billion (USD),3.0,5.0,4.0,104
"Web Analyst, Management Trainee, B Tech, BCA, MCA",Five Feed Learning Solutions Pvt. Ltd.,3.8,Bengaluru,3 - 4 ,1 to 50 Employees,-1,Company - Private,--,--,Unknown / Non-Applicable,25.0,60.0,42.5,-1
Data Governance Analyst,Investec,4.1,Mumbai,4 - 7 ,5001 to 10000 Employees,1974,Company - Public,Investment & Asset Management,Finance,$2 to $5 billion (USD),8.0,9.0,8.5,51
Analyst - Business Consulting Risk - CHS - CNS - Risk - Process & Controls - Mumbai,EY,3.7,Mumbai,4 - 7 ,10000+ Employees,1989,Company - Private,Accounting & Tax,Finance,$10+ billion (USD),4.0,7.0,5.5,36
Business Analyst(Contract),Wipro Limited,3.6,Bengaluru,3 - 8 ,10000+ Employees,1945,Company - Public,Information Technology Support Services,Information Technology,$5 to $10 billion (USD),5.0,9.0,7.0,80
Asset & Wealth Management Operations - Deposit Fraud - Analyst - Hyderabad,Goldman Sachs,3.8,Hyderābād,6 - 7 ,10000+ Employees,1869,Company - Public,Investment & Asset Management,Finance,$10+ billion (USD),4.0,10.0,7.0,156
"Business Analyst, Associate, Change, Analytics & Strategy",Morgan Stanley,3.9,Mumbai,5 - 10 ,10000+ Employees,1935,Company - Public,Investment & Asset Management,Finance,$10+ billion (USD),7.0,9.0,8.0,90
Data Analyst,Entain plc,3.4,Hyderābād,5 - 7 ,10000+ Employees,2004,Company - Public,Gambling & Betting,"Arts, entertainment and recreation",$2 to $5 billion (USD),4.0,7.0,5.5,21
Data Research Analyst,VT Netzwelt,4.6,Ahmedabad,3 - 5 ,51 to 200 Employees,2008,Company - Private,Information Technology Support Services,Information Technology,$5 to $25 million (USD),6.0,7.0,6.5,17
MIS Analyst,BVS Global,2.4,Navi Mumbai,25 - 60 ,1 to 50 Employees,-1,Company - Private,--,--,Unknown / Non-Applicable,7.0,10.0,8.5,-1
Data Analyst,Bidgely Inc.,3.8,Bengaluru,8 - 9 ,51 to 200 Employees,2010,Company - Private,Software Development,Information Technology,Unknown / Non-Applicable,3.0,6.0,4.5,15
Business Operations Analyst,Qualcomm,3.9,Bengaluru,4 - 7 ,10000+ Employees,1985,Company - Public,Computer Hardware Development,Information Technology,$10+ billion (USD),6.0,7.0,6.5,40
FTI System Analyst (Data & AI Business Analyst),Franklin Templeton Investments,3.8,Hyderābād,5 - 9 ,5001 to 10000 Employees,1947,Company - Public,Investment & Asset Management,Finance,$5 to $10 billion (USD),5.0,8.0,6.5,78
Python | Data Engineering | Data Analyst,Elite Technocrats,2.8,Surat,4 - 10 ,1 to 50 Employees,-1,College / University,--,--,Unknown / Non-Applicable,6.0,9.0,7.5,-1
Data Analyst,Scry Analytics India Pvt Ltd,4.3,Belgaum,4 ,51 to 200 Employees,2014,Company - Private,Software Development,Information Technology,$5 to $25 million (USD),3.0,4.0,3.5,11
Data Analyst - Pharmaceutical,Takeda Pharmaceutical,3.9,Bengaluru,7 - 9 ,10000+ Employees,1781,Company - Private,Biotech & Pharmaceuticals,Pharmaceutical and biotechnology,$10+ billion (USD),3.0,8.0,5.5,244
Customer Data Insights Analyst,Avalara,3.4,Pune,4 - 7 ,1001 to 5000 Employees,2004,Company - Private,Enterprise Software & Network Solutions,Information Technology,Unknown / Non-Applicable,5.0,8.0,6.5,21
FBT Data Operations - Document Control & Engineering Data Analyst,BP Energy,3.9,Pune,6 - 7 ,10000+ Employees,1908,Company - Public,Energy & Utilities,"Energy, mining, utilities",$10+ billion (USD),5.0,8.0,6.5,117
Global Planning Analyst,BP Energy,3.9,Pune,7 - 10 ,10000+ Employees,1908,Company - Public,Energy & Utilities,"Energy, mining, utilities",$10+ billion (USD),4.0,9.0,6.5,117
GBS Data Operations - Document Control & Engineering Data Senior Analyst,BP Energy,3.9,Pune,3 - 6 ,10000+ Employees,1908,Company - Public,Energy & Utilities,"Energy, mining, utilities",$10+ billion (USD),5.0,9.0,7.0,117
Asset & Wealth Management Operations - Deposit Fraud - Analyst - Hyderabad,Goldman Sachs,3.8,Hyderābād,6 - 7 ,10000+ Employees,1869,Company - Public,Investment & Asset Management,Finance,$10+ billion (USD),4.0,10.0,7.0,156
"Banking - Data Analytics M&A & Capital Markets - C09, Officer - Mumbai",Citi,3.7,Mumbai,5 - 8 ,10000+ Employees,1812,Company - Public,Investment & Asset Management,Finance,$10+ billion (USD),4.0,7.0,5.5,213
Credit Risk Controller - Analyst,JPMorganChase,4.1,Bengaluru,6 - 9 ,10000+ Employees,1799,Company - Public,Banking & Lending,Finance,$10+ billion (USD),2.0,7.0,4.5,226
"Academic Research Consultant, Academic Research Analyst",Five Feed Learning Solutions Pvt. Ltd.,3.8,Delhi,3 - 4 ,1 to 50 Employees,-1,Company - Private,--,--,Unknown / Non-Applicable,7.0,10.0,8.5,-1
Data Analyst,Moving walls India Pvt ltd,3.7,Chennai,3 - 8 ,1 to 50 Employees,2012,Company - Private,Enterprise Software & Network Solutions,Information Technology,Unknown / Non-Applicable,5.0,10.0,7.5,13
"Data Analyst – SQL, Databrick, API & AWS",UST Global,3.8,Pune,5 - 8 ,10000+ Employees,1999,Company - Private,Information Technology Support Services,Information Technology,Unknown / Non-Applicable,3.0,5.0,4.0,26
Operations Analyst I,TravClan Technology India,3.6,Delhi,5 - 8 ,201 to 500 Employees,2018,Company - Private,Travel Agencies,Hotel and travel accommodation,$1 to $5 million (USD),3.0,9.0,6.0,7
EY - GDS Consulting - AI and DATA - SQL -Data Analyst - Senior,EY,3.7,Pune,4 - 9 ,10000+ Employees,1989,Company - Private,Accounting & Tax,Finance,$10+ billion (USD),3.0,8.0,5.5,36
Data Analyst M/F,Geodis,3.4,Bengaluru,5 - 9 ,10000+ Employees,1904,Subsidiary or Business Segment,Shipping & Trucking,Transportation and logistics,$5 to $10 billion (USD),5.0,8.0,6.5,121
"Analyst, Business & Competitive Intelligence",Precision for Medicine,3.4,Bengaluru,4 - 10 ,501 to 1000 Employees,2013,Company - Private,Biotech & Pharmaceuticals,Pharmaceutical and biotechnology,Unknown / Non-Applicable,3.0,6.0,4.5,12
Reporting Analyst - Power Bi/tableau,SearchUrCollege,4.0,Noida,4 - 7 ,Unknown,-1,Company - Private,--,--,Unknown / Non-Applicable,6.0,8.0,7.0,-1
Analyst- Market Research & Strategy (Wealth Management),Morgan Stanley,3.9,Mumbai,2 - 7 ,10000+ Employees,1935,Company - Public,Investment & Asset Management,Finance,$10+ billion (USD),3.0,7.0,5.0,90
Benchmarking Analyst - TSI,BP Energy,3.9,Pune,7 - 10 ,10000+ Employees,1908,Company - Public,Energy & Utilities,"Energy, mining, utilities",$10+ billion (USD),5.0,10.0,7.5,117
Global Banking & Markets Operations - Fees and Commissions - Analyst - Bengaluru,Goldman Sachs,3.8,Bengaluru,5 - 10 ,10000+ Employees,1869,Company - Public,Investment & Asset Management,Finance,$10+ billion (USD),7.0,8.0,7.5,156
Data Analyst,Antarctica Global,2.3,Mumbai,12 ,1 to 50 Employees,-1,Company - Private,--,--,Unknown / Non-Applicable,4.0,6.0,5.0,-1
Data Analyst,Indus Net Technologies,4.1,Calcutta,3 - 5 ,501 to 1000 Employees,1997,Company - Private,Information Technology Support Services,Information Technology,$5 to $25 million (USD),8.0,9.0,8.5,28
"Data Management, U.S. Wealth Advisory, Analyst",BlackRock Investments,3.9,Gurgaon,3 - 9 ,10000+ Employees,1988,Company - Public,Investment & Asset Management,Finance,$10+ billion (USD),5.0,8.0,6.5,37
Sr Business Analyst,CBRE,3.9,Hyderābād,6 - 8 ,10000+ Employees,1906,Company - Public,Real estate,Real estate,Unknown / Non-Applicable,5.0,6.0,5.5,119
Data Analyst,IRIS Business Services Ltd,4.0,Elpis,3 - 8 ,51 to 200 Employees,-1,Company - Private,Advertising & Public Relations,Media and communication,$100 to $500 million (USD),5.0,7.0,6.0,-1
"Sector Analyst, Forum (Equity & Credit Research)",Third Bridge,4.1,Mumbai,5 - 8 ,1001 to 5000 Employees,2007,Company - Private,Research and development,Management and consulting,Unknown / Non-Applicable,5.0,10.0,7.5,18
Data Analyst (Tableau Developer),TRIARQ Health,3.7,Pune,3 - 6 ,51 to 200 Employees,2005,Company - Private,Healthcare Services & Hospitals,Healthcare,$5 to $25 million (USD),5.0,8.0,6.5,20
Associate Analyst- GBS,The Hackett Group,3.9,Hyderābād,6 - 8 ,1001 to 5000 Employees,1997,Company - Public,Business consulting,Management and consulting,$100 to $500 million (USD),2.0,5.0,3.5,28
Integration Data Analyst,Lloyd's Register Group,3.7,Mumbai,3 - 7 ,5001 to 10000 Employees,1760,Company - Private,Business consulting,Management and consulting,$500 million to $1 billion (USD),4.0,9.0,6.5,265
Operational Risk Analyst I - C09 Pune/ Chennai,Citi,3.7,Pune,5 - 10 ,10000+ Employees,1812,Company - Public,Investment & Asset Management,Finance,$10+ billion (USD),4.0,6.0,5.0,213
Data Management Analyst,Moody's,3.9,Bengaluru,7 - 8 ,10000+ Employees,1900,Company - Public,Investment & Asset Management,Finance,Unknown / Non-Applicable,1.0,7.0,4.0,125
2200_Investment Risk Analyst,Recruise,4.7,Hyderābād,4 - 6 ,51 to 200 Employees,2006,Company - Private,HR Consulting,Human resources and staffing,Unknown / Non-Applicable,5.0,7.0,6.0,19
Data Analyst,Barclays,3.9,Noida,8 - 9 ,10000+ Employees,1690,Company - Public,Banking & Lending,Finance,$10+ billion (USD),4.0,5.0,4.5,335
"Associate, Business Analyst - R360",Monotype,3.7,Noida,5 - 8 ,501 to 1000 Employees,-1,Company - Private,Enterprise Software & Network Solutions,Information Technology,$100 to $500 million (USD),4.0,8.0,6.0,-1
Translator/Data Analyst (Polish),S&P Global,4.1,Hyderābād,5 - 6 ,10000+ Employees,1860,Company - Public,Research and development,Management and consulting,$10+ billion (USD),3.0,9.0,6.0,165
Data Governance Analyst,S&P Global,4.1,Gurgaon,5 - 7 ,10000+ Employees,1860,Company - Public,Research and development,Management and consulting,$10+ billion (USD),2.0,10.0,6.0,165
Legal & Integrity Operations Developer & Data Analyst,HITACHI ENERGY TECHNOLOGY SERVICES PRIVATE LIMITED,4.1,Bengaluru,5 - 10 ,10000+ Employees,2020,Company - Private,Energy & Utilities,"Energy, mining, utilities",$10+ billion (USD),6.0,9.0,7.5,5
Junior Reporting Analyst,Arena Investors I Quaestor Advisors,4.1,Bengaluru,5 - 8 ,51 to 200 Employees,2015,Company - Private,Investment & Asset Management,Finance,Unknown / Non-Applicable,6.0,7.0,6.5,10
Data Analyst (ONSITE – EUROPE),Squalas,5.0,Hyderābād,2 - 5 ,1 to 50 Employees,-1,Company - Private,--,--,Unknown / Non-Applicable,3.0,7.0,5.0,-1
Associate Analyst,CmaxInsight,3.4,Noida,4 - 9 ,1 to 50 Employees,-1,Company - Private,--,--,Unknown / Non-Applicable,5.0,7.0,6.0,-1
Data Analyst,Vixplor Analytics,5.0,Calcutta,4 - 6 ,1 to 50 Employees,-1,Contract,--,--,Unknown / Non-Applicable,4.0,6.0,5.0,-1
Reliability Data Analyst,"Pinnacle Reliability India, PLC",3.3,Hyderābād,1 - 7 ,501 to 1000 Employees,2006,Company - Private,Energy & Utilities,"Energy, mining, utilities",Unknown / Non-Applicable,4.0,10.0,7.0,19
"RCO WFM Analyst, RnC",Amazon Dev Center India - Hyderabad - A85,3.6,Hyderābād,5 - 7 ,10000+ Employees,1994,Company - Public,Internet & Web Services,Information Technology,$10+ billion (USD),2.0,3.0,2.5,31
"Manager, Data Analyst (User Insights)",MSD,4.1,Hyderābād,4 - 5 ,10000+ Employees,1891,Company - Public,Biotech & Pharmaceuticals,Pharmaceutical and biotechnology,$10+ billion (USD),5.0,8.0,6.5,134
Business Analyst - L3,Wipro Limited,3.6,Hyderābād,4 - 8 ,10000+ Employees,1945,Company - Public,Information Technology Support Services,Information Technology,$5 to $10 billion (USD),6.0,10.0,8.0,80
Business Analyst,Elorce,3.8,Hyderābād,3 - 9 ,1 to 50 Employees,-1,Company - Private,--,--,Unknown / Non-Applicable,6.0,9.0,7.5,-1
"Manager, Data & Analytics",Mondelēz International,3.9,Mumbai,2 - 10 ,5001 to 10000 Employees,2012,Company - Public,Food & Beverage Manufacturing,Manufacturing,$10+ billion (USD),3.0,6.0,4.5,13
Data Analyst,Apsidata,3.9,Noida,6 - 9 ,51 to 200 Employees,-1,Company - Public,Information Technology Support Services,Information Technology,Unknown / Non-Applicable,5.0,7.0,6.0,-1
Reporting Analysts,TB India Talent Acquisition,3.9,Gurgaon,4 ,5001 to 10000 Employees,1989,Company - Public,HR Consulting,Human resources and staffing,$2 to $5 billion (USD),3.0,7.0,5.0,36
Management Trainee-PERSONAL LOANS-BIU (Business Intelligence Unit),Kotak Mahindra,3.5,Mumbai,6 - 7 ,10000+ Employees,1985,Company - Public,Banking & Lending,Finance,$2 to $5 billion (USD),6.0,8.0,7.0,40
Junior Business Analyst (Non-Tech),Sciative Solutions,3.7,Navi Mumbai,3 - 7 ,51 to 200 Employees,2016,Company - Private,Information Technology Support Services,Information Technology,$5 to $25 million (USD),3.0,6.0,4.5,9
Translator/Data Analyst (Polish),S&P Global,4.1,Gurgaon,5 - 7 ,10000+ Employees,1860,Company - Public,Research and development,Management and consulting,$10+ billion (USD),3.0,8.0,5.5,165
Business Data Analyst,Coolberg Beverages,2.6,Mumbai,4 - 6 ,201 to 500 Employees,2016,Company - Private,Food & Beverage Manufacturing,Manufacturing,$5 to $25 million (USD),3.0,6.0,4.5,9
Business Analyst/Project Manager,"World Wide Technology Holding, LLC",3.9,Pune,4 - 10 ,10000+ Employees,1990,Company - Private,Computer Hardware Development,Information Technology,$10+ billion (USD),4.0,6.0,5.0,35
Research Analyst,Coleda B2B,4.7,Pune,2 - 3 ,201 to 500 Employees,2018,Company - Private,Advertising & Public Relations,Media and communication,Unknown / Non-Applicable,7.0,10.0,8.5,7
Data Analysts,Patio Digital,2.0,Raipur,2 ,1 to 50 Employees,-1,Company - Private,--,--,Unknown / Non-Applicable,5.0,8.0,6.5,-1
Data Analyst,Thoucentric,4.0,Gurgaon,5 - 8 ,501 to 1000 Employees,2015,Company - Private,Business consulting,Management and consulting,Unknown / Non-Applicable,4.0,9.0,6.5,10
"Associate Analyst, Analytics & Metrics",Mastercard,4.2,Gurgaon,6 - 10 ,10000+ Employees,1966,Company - Public,Financial Transaction Processing,Finance,Unknown / Non-Applicable,3.0,6.0,4.5,59
Data Analyst(AI-LLM),RingCentral,3.4,Bengaluru,6 - 9 ,5001 to 10000 Employees,2003,Company - Public,Information Technology Support Services,Information Technology,$1 to $5 million (USD),5.0,8.0,6.5,22
Commercial Data Analyst,IWG Careers,2.7,Mumbai,3 - 6 ,10000+ Employees,1989,Company - Public,Commercial Equipment Services,"Construction, repair and maintenance",$2 to $5 billion (USD),6.0,8.0,7.0,36
"Analyst, Workforce Management",Evolent Health,3.5,Pune,5 - 7 ,1001 to 5000 Employees,2011,Company - Public,Healthcare Services & Hospitals,Healthcare,$2 to $5 billion (USD),2.0,6.0,4.0,14
Supply Chain Analyst / Trainee,Masycoda Solutions,4.5,Nāgpur,3 - 7 ,1 to 50 Employees,-1,Company - Private,--,--,Unknown / Non-Applicable,3.0,4.0,3.5,-1
Research Analyst,Ideapoke,4.0,Bengaluru,6 - 8 ,51 to 200 Employees,2012,Company - Private,Software Development,Information Technology,Unknown / Non-Applicable,4.0,8.0,6.0,13
Junior Research Analyst,TechiesGroup IT Solution Pvt Ltd,2.9,Gwalior,3 - 6 ,Unknown,-1,Company - Private,--,--,Unknown / Non-Applicable,4.0,8.0,6.0,-1
Data Analyst,Ethicsinfotech,3.9,Gurgaon,3 - 8 ,Unknown,-1,Company - Public,--,--,Unknown / Non-Applicable,5.0,8.0,6.5,-1
Data Analyst 2,Comcast Corporation,3.8,Chennai,3 - 6 ,10000+ Employees,1963,Company - Public,Telecommunications Services,Telecommunications,$10+ billion (USD),6.0,10.0,8.0,62
Data Analyst with QlikView,ITI Data,4.0,Hyderābād,4 - 6 ,201 to 500 Employees,1999,Company - Private,Information Technology Support Services,Information Technology,Unknown / Non-Applicable,5.0,6.0,5.5,26
Benchmarking Analyst - TSI,BP Energy,3.9,Pune,7 - 10 ,10000+ Employees,1908,Company - Public,Energy & Utilities,"Energy, mining, utilities",$10+ billion (USD),7.0,9.0,8.0,117
Solution Design Analyst – Demand and Supply Planning (Kinaxis Maestro),BP Energy,3.9,Pune,5 - 8 ,10000+ Employees,1908,Company - Public,Energy & Utilities,"Energy, mining, utilities",$10+ billion (USD),4.0,5.0,4.5,117
Global Banking & Markets Operations - Policy & Quality Analytics - Analyst - Bengaluru,Goldman Sachs,3.8,Bengaluru,4 - 9 ,10000+ Employees,1869,Company - Public,Investment & Asset Management,Finance,$10+ billion (USD),5.0,9.0,7.0,156
Data Analyst,Shubhashray Housing India,4.2,Gurgaon,5 ,51 to 200 Employees,-1,Company - Private,Real estate,Real estate,Unknown / Non-Applicable,6.0,8.0,7.0,-1
JUNIOR BUSINESS ANALYST,Protocloud Technologies,5.0,Jaipur,3 - 6 ,1 to 50 Employees,-1,Company - Private,--,--,Unknown / Non-Applicable,4.0,8.0,6.0,-1
Data Analytics I,Booking Holdings,4.0,Bengaluru,5 - 8 ,10000+ Employees,1996,Company - Public,Internet & Web Services,Information Technology,$10+ billion (USD),5.0,8.0,6.5,29
Business Analyst,Alter Domus,3.4,Hyderābād,6 - 8 ,5001 to 10000 Employees,2003,Company - Private,Accounting & Tax,Finance,Unknown / Non-Applicable,3.0,5.0,4.0,22
Data Analysis,Rishi FIBC Solutions,3.1,Vadodara,2 - 6 ,501 to 1000 Employees,-1,Company - Private,--,--,Unknown / Non-Applicable,5.0,8.0,6.5,-1
Research Analyst (Operations),Athena Executive Search,3.8,Gurgaon,3 - 4 ,1 to 50 Employees,2010,Company - Private,Business consulting,Management and consulting,Unknown / Non-Applicable,6.0,7.0,6.5,15
FHIR Data Analyst,Infosys Limited,3.6,Bengaluru,4 - 8 ,10000+ Employees,1981,Company - Public,Information Technology Support Services,Information Technology,$10+ billion (USD),4.0,8.0,6.0,44
Business Operations Analyst,FULL Creative,4.0,Chennai,4 - 8 ,501 to 1000 Employees,-1,Company - Private,Software Development,Information Technology,Unknown / Non-Applicable,3.0,5.0,4.0,-1
Systems and Performance Insights Analyst - TSI,BP Energy,3.9,Pune,5 - 8 ,10000+ Employees,1908,Company - Public,Energy & Utilities,"Energy, mining, utilities",$10+ billion (USD),5.0,10.0,7.5,117
Capital Reporting- Analyst,JPMorganChase,4.1,Mumbai,6 - 10 ,10000+ Employees,1799,Company - Public,Banking & Lending,Finance,$10+ billion (USD),7.0,12.0,9.5,226
"Senior Data Analyst, Market Data","Intercontinental Exchange Holdings, Inc.",3.4,Hyderābād,5 - 6 ,5001 to 10000 Employees,2000,Company - Public,Stock Exchanges,Finance,$5 to $10 billion (USD),3.0,5.0,4.0,25
"Business Analyst - Power BI, SCM",Carrier,3.6,Hyderābād,7 - 9 ,10000+ Employees,1902,Company - Public,Machinery Manufacturing,Manufacturing,$10+ billion (USD),7.0,10.0,8.5,123
Bioinformatics Analyst,Mapmygenome,2.9,Hyderābād,4 - 5 ,51 to 200 Employees,-1,Company - Private,--,--,Unknown / Non-Applicable,4.0,6.0,5.0,-1
Technical Analyst - Research - Derivative,Aditya Birla Group,3.9,Maharashtra,3 ,10000+ Employees,1857,Company - Private,Consumer Product Manufacturing,Manufacturing,$10+ billion (USD),7.0,10.0,8.5,168
Deputy Manager_Power BI Data Analyst_Pune,Vodafone,3.9,Pune,5 - 9 ,10000+ Employees,1984,Company - Public,Telecommunications Services,Telecommunications,$10+ billion (USD),4.0,5.0,4.5,41
Data Analyst,Cummins Inc.,4.0,Pune,6 - 8 ,10000+ Employees,1919,Company - Public,Transportation Equipment Manufacturing,Manufacturing,$10+ billion (USD),6.0,7.0,6.5,106
Fraud and Risk Analyst,iServeU,4.0,Bhubaneshwar,4 - 8 ,501 to 1000 Employees,2016,Company - Private,Financial Transaction Processing,Finance,Unknown / Non-Applicable,5.0,7.0,6.0,9
Data Analyst - Apprentice,Decision Foundry,4.4,Bengaluru,5 - 8 ,51 to 200 Employees,2022,Company - Private,Business consulting,Management and consulting,$5 to $25 million (USD),5.0,9.0,7.0,3
Data Analyst - Attribution,Numerator,4.3,Vadodara,3 - 5 ,5001 to 10000 Employees,2004,Company - Private,Internet & Web Services,Information Technology,$100 to $500 million (USD),6.0,10.0,8.0,21
Ad Performance Reporting Analyst,SYNERGOS CONSULTING SERVICES,4.2,Bengaluru,5 - 8 ,Unknown,-1,Company - Private,--,--,Unknown / Non-Applicable,7.0,9.0,8.0,-1
MDM Analyst,NielsenIQ,3.8,Pune,3 ,10000+ Employees,1923,Company - Private,Information Technology Support Services,Information Technology,Unknown / Non-Applicable,6.0,10.0,8.0,102
Reference Data Analyst,Deutsche Bank,3.9,Bengaluru,6 - 7 ,10000+ Employees,1870,Company - Public,Banking & Lending,Finance,$10+ billion (USD),5.0,6.0,5.5,155
Data Analyst,Flixstock,4.0,Gurgaon,4 - 8 ,201 to 500 Employees,-1,Company - Private,--,--,Unknown / Non-Applicable,3.0,4.0,3.5,-1
Data Scientist Analyst Asset and Wealth Management Risk,JPMorganChase,4.1,Bengaluru,3 - 5 ,10000+ Employees,1799,Company - Public,Banking & Lending,Finance,$10+ billion (USD),7.0,8.0,7.5,226
Business Analyst (Work from Office),TechMojo Solutions,4.0,Hyderābād,5 - 10 ,201 to 500 Employees,2013,Company - Private,Internet & Web Services,Information Technology,Unknown / Non-Applicable,4.0,5.0,4.5,12
"Category Management Analyst, Center of Store",BP Energy,3.9,Pune,7 - 12 ,10000+ Employees,1908,Company - Public,Energy & Utilities,"Energy, mining, utilities",$10+ billion (USD),4.0,6.0,5.0,117
"Data Analyst (Kafka, API)",ITI Data,4.0,Chennai,3 - 5 ,201 to 500 Employees,1999,Company - Private,Information Technology Support Services,Information Technology,Unknown / Non-Applicable,6.0,7.0,6.5,26
Senior Analyst - Logistics AU,BP Energy,3.9,Pune,7 - 10 ,10000+ Employees,1908,Company - Public,Energy & Utilities,"Energy, mining, utilities",$10+ billion (USD),4.0,6.0,5.0,117
Data Analyst with QlikView,ITI Data,4.0,Hyderābād,4 - 6 ,201 to 500 Employees,1999,Company - Private,Information Technology Support Services,Information Technology,Unknown / Non-Applicable,8.0,10.0,9.0,26
Benchmarking Analyst - TSI,BP Energy,3.9,Pune,7 - 10 ,10000+ Employees,1908,Company - Public,Energy & Utilities,"Energy, mining, utilities",$10+ billion (USD),96.0,1.0,48.5,117
Reference Data Services Analyst 2 - C10 - GURGAON,Citi,3.7,Gurgaon,4 - 5 ,10000+ Employees,1812,Company - Public,Investment & Asset Management,Finance,$10+ billion (USD),2.0,7.0,4.5,213
Reference Data Analyst,Deutsche Bank,3.9,Bengaluru,6 - 7 ,10000+ Employees,1870,Company - Public,Banking & Lending,Finance,$10+ billion (USD),4.0,8.0,6.0,155
Associate Financial Analyst - PowerBI/DAX Expert,Maersk Line,4.0,Pune,5 - 7 ,10000+ Employees,1928,Subsidiary or Business Segment,Shipping & Trucking,Transportation and logistics,$10+ billion (USD),5.0,8.0,6.5,97
"Analyst, Open Banking Analytics",Mastercard,4.2,Navi Mumbai,5 - 9 ,10000+ Employees,1966,Company - Public,Financial Transaction Processing,Finance,Unknown / Non-Applicable,3.0,6.0,4.5,59
Associate Research Analyst,PhillipCapital,3.0,Mumbai,6 - 10 ,1 to 50 Employees,2010,Company - Private,Financial Transaction Processing,Finance,$5 to $25 million (USD),2.0,5.0,3.5,15
Data Analyst,Natwest,4.1,Bengaluru,7 - 9 ,10000+ Employees,1968,Subsidiary or Business Segment,Banking & Lending,Finance,$10+ billion (USD),8.0,10.0,9.0,57
Business Analytics Analyst - C10 - MUMBAI,Citi,3.7,Mumbai,6 - 10 ,10000+ Employees,1812,Company - Public,Investment & Asset Management,Finance,$10+ billion (USD),3.0,9.0,6.0,213
Research Analyst,Finquest,3.7,India,3 ,201 to 500 Employees,2016,Company - Private,Investment & Asset Management,Finance,Unknown / Non-Applicable,4.0,8.0,6.0,9
Asset and Wealth Management - Marketing / Junior Designer - Analyst - Bengaluru,Goldman Sachs,3.8,Bengaluru,5 - 6 ,10000+ Employees,1869,Company - Public,Investment & Asset Management,Finance,$10+ billion (USD),8.0,9.0,8.5,156
Research Analyst,HEXAGON CAPITAL ADVISORS,4.3,Bengaluru,3 - 4 ,1 to 50 Employees,-1,Company - Private,--,--,Unknown / Non-Applicable,11.0,12.0,11.5,-1
Risk Analyst,PhonePe,4.1,Bengaluru,7 - 8 ,5001 to 10000 Employees,2015,Company - Private,Internet & Web Services,Information Technology,Unknown / Non-Applicable,3.0,5.0,4.0,10
Analyst - Economic Research,GD Research Center,3.4,Hyderābād,4 - 5 ,1001 to 5000 Employees,2004,Company - Public,Research and development,Management and consulting,$100 to $500 million (USD),4.0,6.0,5.0,21
Senior Data Research Analyst,Morningstar,4.0,Navi Mumbai,4 - 6 ,10000+ Employees,1984,Company - Public,Research and development,Management and consulting,$2 to $5 billion (USD),4.0,8.0,6.0,41
Resource Management Information Services – Analyst,Deloitte,4.0,Hyderābād,6 - 7 ,10000+ Employees,1850,Company - Private,Business consulting,Management and consulting,Unknown / Non-Applicable,4.0,8.0,6.0,175
Data Analyst,Vimaan Robotics,3.5,Bengaluru,4 - 6 ,Unknown,-1,Company - Private,Machinery Manufacturing,Manufacturing,Unknown / Non-Applicable,5.0,7.0,6.0,-1
Business Analyst - AMZL S&OP,ASSPL - Karnataka,3.6,Bengaluru,8 - 10 ,10000+ Employees,1994,Company - Public,Internet & Web Services,Information Technology,$10+ billion (USD),15.0,25.0,20.0,31
Business Analyst,Verve Systems,3.7,Ahmedabad,96 - 1 ,51 to 200 Employees,2009,Private Practice / Firm,Information Technology Support Services,Information Technology,Unknown / Non-Applicable,6.0,11.0,8.5,16
Analytics Solutions Analyst - Team Leader,JPMorganChase,4.1,Hyderābād,2 - 7 ,10000+ Employees,1799,Company - Public,Banking & Lending,Finance,$10+ billion (USD),6.0,8.0,7.0,226
Data Analyst,Epiroc AB,4.0,Udaipur,4 - 8 ,10000+ Employees,-1,Company - Public,--,--,Unknown / Non-Applicable,7.0,8.0,7.5,-1
Data Visualization Engineer Tech & Digital Hyderabad India JR00018054,Zoetis,4.0,Hyderābād,5 - 8 ,10000+ Employees,2013,Company - Public,Biotech & Pharmaceuticals,Pharmaceutical and biotechnology,$5 to $10 billion (USD),2.0,6.0,4.0,12
Careers-Research Analyst,BizRak Web Solutions,4.8,Elūru,3 - 6 ,Unknown,-1,Company - Private,--,--,Unknown / Non-Applicable,4.0,6.0,5.0,-1
"Senior Data Analyst, Data Processing",PureSpectrum,4.0,Hyderābād,2 - 5 ,51 to 200 Employees,-1,Unknown,--,--,Unknown / Non-Applicable,6.0,7.0,6.5,-1
"Senior Data Analyst, IN",DAZN Software Pvt Ltd,2.9,Hyderābād,8 - 10 ,1001 to 5000 Employees,2015,Company - Private,Internet & Web Services,Information Technology,Unknown / Non-Applicable,4.0,8.0,6.0,10
Business Analyst,Snapper IT,4.3,Hyderābād,3 - 9 ,1 to 50 Employees,-1,Company - Public,--,--,Unknown / Non-Applicable,3.0,4.0,3.5,-1
Market Research Analyst,Apeiron Global Pvt. Ltd,3.7,Bengaluru,4 - 8 ,1 to 50 Employees,-1,Company - Private,--,--,Unknown / Non-Applicable,2.0,6.0,4.0,-1
Research Analyst - BA4,Barclays,3.9,Mumbai,8 - 9 ,10000+ Employees,1690,Company - Public,Banking & Lending,Finance,$10+ billion (USD),15.0,20.0,17.5,335
Research Analyst – Power Markets,"Council on Energy, Environment and Water",3.6,Lucknow,11 - 12 ,1 to 50 Employees,-1,Non-profit Organisation,Research and development,Management and consulting,Unknown / Non-Applicable,5.0,9.0,7.0,-1
"Data Analyst (Kafka, API)",ITI Data,4.0,Chennai,3 - 5 ,201 to 500 Employees,1999,Company - Private,Information Technology Support Services,Information Technology,Unknown / Non-Applicable,7.0,10.0,8.5,26
Data Analyst with QlikView,ITI Data,4.0,Hyderābād,4 - 6 ,201 to 500 Employees,1999,Company - Private,Information Technology Support Services,Information Technology,Unknown / Non-Applicable,7.0,12.0,9.5,26
Analyst-Data Science,Amex,4.1,Gurgaon,4 - 8 ,10000+ Employees,1850,Company - Public,Financial Transaction Processing,Finance,$10+ billion (USD),7.0,8.0,7.5,175
Market Research Analyst,TecoBytes Solution,3.0,Bengaluru,4 - 8 ,1 to 50 Employees,-1,Company - Private,--,--,Unknown / Non-Applicable,3.0,8.0,5.5,-1
Analyst - Business Consulting Risk - CHS - CNS - Risk - Digital Risk - Gurgaon,EY,3.7,Gurgaon,5 - 7 ,10000+ Employees,1989,Company - Private,Accounting & Tax,Finance,$10+ billion (USD),4.0,7.0,5.5,36
Market Research Analyst,Liamtra,4.2,Nagaland,15 - 25 ,1 to 50 Employees,2019,Company - Private,Travel Agencies,Hotel and travel accommodation,Unknown / Non-Applicable,3.0,6.0,4.5,6
Business Analyst Trainee - Freshers,SalesCode.ai,3.8,Gurgaon,6 - 11 ,201 to 500 Employees,2019,Company - Private,Research and development,Management and consulting,Unknown / Non-Applicable,5.0,9.0,7.0,6
CoRe Research & Insights (Cross-Industry) - Senior Analyst - Hyderabad,Deloitte,4.0,Hyderābād,6 - 8 ,10000+ Employees,1850,Company - Private,Business consulting,Management and consulting,Unknown / Non-Applicable,2.0,4.0,3.0,175
Strategy & Business Intelligence Analyst,JPMorganChase,4.1,Bengaluru,7 - 8 ,10000+ Employees,1799,Company - Public,Banking & Lending,Finance,$10+ billion (USD),3.0,9.0,6.0,226
Data Analytics (Research Marketing),Maskoid Technologies,4.5,Vadodara,2 - 6 ,1 to 50 Employees,-1,Company - Private,--,--,Unknown / Non-Applicable,5.0,7.0,6.0,-1
Research Analyst Operation,TechSci Research,2.8,Noida,4 - 6 ,51 to 200 Employees,2009,Company - Private,Business consulting,Management and consulting,Unknown / Non-Applicable,4.0,8.0,6.0,16
Asset and Wealth Management - Fund and Information Management - Analyst - Bengaluru,Goldman Sachs,3.8,Bengaluru,6 - 7 ,10000+ Employees,1869,Company - Public,Investment & Asset Management,Finance,$10+ billion (USD),6.0,10.0,8.0,156
Analyst-Data Analytics (Tableau Developer),Amex,4.1,Gurgaon,4 - 8 ,10000+ Employees,1850,Company - Public,Financial Transaction Processing,Finance,$10+ billion (USD),4.0,5.0,4.5,175
Senior Data Analyst,TELUS Digital -,3.6,Gurgaon,3 - 4 ,10000+ Employees,2005,Company - Public,Information Technology Support Services,Information Technology,Unknown / Non-Applicable,8.0,15.0,11.5,20
Senior Finance Data Analyst,Keyloop,4.3,Hyderābād,2 - 6 ,Unknown,-1,Company - Private,Software Development,Information Technology,Unknown / Non-Applicable,5.0,8.0,6.5,-1
Business Intelligence Analyst,Scrumconnect Consulting,4.7,Bengaluru,15 - 20 ,201 to 500 Employees,2011,Company - Private,Information Technology Support Services,Information Technology,$25 to $50 million (USD),9.0,10.0,9.5,14
Data Support Analyst – Expert Level – 43166-1,Pantheon Inc.,4.4,Bengaluru,5 - 9 ,1001 to 5000 Employees,1997,Company - Private,Information Technology Support Services,Information Technology,$25 to $50 million (USD),4.0,7.0,5.5,28
Global Planning Analyst,BP Energy,3.9,Pune,7 - 10 ,10000+ Employees,1908,Company - Public,Energy & Utilities,"Energy, mining, utilities",$10+ billion (USD),5.0,8.0,6.5,117
"Category Management Analyst, Foodservice and Beverage",BP Energy,3.9,Pune,7 - 12 ,10000+ Employees,1908,Company - Public,Energy & Utilities,"Energy, mining, utilities",$10+ billion (USD),4.0,5.0,4.5,117
Senior Data Expert (Data Analyst & Data Modeler)/ Senior Consultant Specialist,HSBC,3.9,Hyderābād,7 - 8 ,10000+ Employees,1865,Company - Public,Banking & Lending,Finance,$10+ billion (USD),4.0,7.0,5.5,160
Business Analyst,Priceline.com,3.8,Mumbai,3 - 8 ,501 to 1000 Employees,1997,Company - Public,Internet & Web Services,Information Technology,Unknown / Non-Applicable,4.0,9.0,6.5,28
Analyst/Senior Analyst – Client Analytics and Performance Reporting,Delta Capita,3.3,Bengaluru,4 - 7 ,501 to 1000 Employees,2012,Company - Private,Investment & Asset Management,Finance,$25 to $50 million (USD),4.0,5.0,4.5,13
Business Intelligence Analyst,Avalara,3.4,Pune,3 - 6 ,1001 to 5000 Employees,2004,Company - Private,Enterprise Software & Network Solutions,Information Technology,Unknown / Non-Applicable,4.0,10.0,7.0,21
Senior Data Analyst/SME,Equiniti,3.8,Bengaluru,5 - 9 ,5001 to 10000 Employees,2007,Company - Private,Financial Transaction Processing,Finance,$100 to $500 million (USD),6.0,10.0,8.0,18
Data Visualisation Analyst,Pulsus Group,4.2,Hyderābād,2 - 4 ,Unknown,-1,Company - Private,Publishing,Media and communication,Unknown / Non-Applicable,4.0,8.0,6.0,-1
Data Analyst,Priceline.com,3.8,Mumbai,3 - 9 ,501 to 1000 Employees,1997,Company - Public,Internet & Web Services,Information Technology,Unknown / Non-Applicable,4.0,7.0,5.5,28
Business Intelligence Analyst,Head Digital Works,3.8,Hyderābād,5 - 7 ,501 to 1000 Employees,2006,Company - Private,Information Technology Support Services,Information Technology,Unknown / Non-Applicable,4.0,9.0,6.5,19
Business Analyst,Novisync,3.4,Visakhapatnam,4 - 8 ,51 to 200 Employees,2007,Company - Private,Computer Hardware Development,Information Technology,$5 to $25 million (USD),8.0,10.0,9.0,18
Data Analyst,SIMPLY VYAPAR APPS PRIVATE LIMITED,4.0,Bengaluru,6 - 10 ,201 to 500 Employees,2016,Company - Private,Accounting & Tax,Finance,Unknown / Non-Applicable,5.0,6.0,5.5,9
Research Analyst,Net Square Solutions,4.4,Ahmedabad,4 - 5 ,51 to 200 Employees,2001,Company - Private,Information Technology Support Services,Information Technology,Unknown / Non-Applicable,5.0,8.0,6.5,24
Data Analyst,Expertrons,3.8,Hyderābād,8 - 15 ,51 to 200 Employees,2019,Company - Private,Education Support & Training Services,Education,Unknown / Non-Applicable,3.0,7.0,5.0,6
Business Analyst - Data Domain,NTT DATA,3.8,Bengaluru,5 - 8 ,10000+ Employees,1988,Company - Public,Information Technology Support Services,Information Technology,$10+ billion (USD),1.0,1.0,1.0,37
Global Banking & Markets Operations - Business Intelligence - Associate - Bengaluru,Goldman Sachs,3.8,Bengaluru,9 - 10 ,10000+ Employees,1869,Company - Public,Investment & Asset Management,Finance,$10+ billion (USD),4.0,4.0,4.0,156
Analyst Power BI,Novo Nordisk,4.3,Bengaluru,4 - 7 ,10000+ Employees,1923,Company - Public,Biotech & Pharmaceuticals,Pharmaceutical and biotechnology,$10+ billion (USD),10.0,10.0,10.0,102
Business Systems Analyst,Equinix,3.9,Bengaluru,5 - 8 ,10000+ Employees,1998,Company - Public,Enterprise Software & Network Solutions,Information Technology,$25 to $50 million (USD),6.0,6.0,6.0,27
AI Data Analyst,Techwyse IT Solutions Private Limited,3.8,Cochin,35 ,Unknown,-1,Company - Public,--,--,Unknown / Non-Applicable,4.0,4.0,4.0,-1
Business Analyst,XL Catlin,3.8,Bengaluru,4 - 5 ,5001 to 10000 Employees,1986,Company - Public,Insurance Carriers,Insurance,$5 to $10 billion (USD),3.0,3.0,3.0,39
Business Analyst (MSI),Maruti Suzuki India Ltd,3.8,Gurgaon,4 - 7 ,10000+ Employees,-1,Company - Public,Transportation Equipment Manufacturing,Manufacturing,$10+ billion (USD),7.0,7.0,7.0,-1
Data Analyst,Terrabit Consulting,4.4,Bengaluru,10 ,501 to 1000 Employees,2009,Company - Private,Information Technology Support Services,Information Technology,Unknown / Non-Applicable,4.0,4.0,4.0,16
Product Analyst,Sciative Solutions,3.7,Navi Mumbai,4 - 9 ,51 to 200 Employees,2016,Company - Private,Information Technology Support Services,Information Technology,$5 to $25 million (USD),12.0,12.0,12.0,9
MEDICAL DATA ANALYST,OMH HealthEdge Holdings,4.0,Navi Mumbai,4 - 5 ,10000+ Employees,2003,Company - Private,Healthcare Services & Hospitals,Healthcare,$100 to $500 million (USD),4.0,4.0,4.0,22
"Business Analyst, EDI (Electronic Data Interchange)","Sensata Technologies, Inc.",3.5,Pune,4 - 10 ,10000+ Employees,1916,Company - Public,Electronics Manufacturing,Manufacturing,$1 to $5 million (USD),2.0,2.0,2.0,109
Senior Analyst - Data Analysis,Tesco India,3.8,Bengaluru,6 - 10 ,10000+ Employees,1919,Company - Private,Grocery Stores,Retail and wholesale,Unknown / Non-Applicable,5.0,5.0,5.0,106
Senior Business Analyst,HSBC,3.9,Hyderābād,4 - 8 ,10000+ Employees,1865,Company - Public,Banking & Lending,Finance,$10+ billion (USD),3.0,3.0,3.0,160
Business Intelligence- MIS,5paisa Capital,3.5,Mumbai,4 - 7 ,201 to 500 Employees,-1,Company - Public,--,--,Unknown / Non-Applicable,3.0,3.0,3.0,-1
Financial Reporting Analyst,UPS India,3.5,Chennai,4 - 9 ,10000+ Employees,1907,Company - Public,Shipping & Trucking,Transportation and logistics,$10+ billion (USD),3.0,3.0,3.0,118
Senior Associate - Data Change Analyst,Macquarie Group Limited,3.8,Gurgaon,8 - 10 ,10000+ Employees,1969,Company - Public,Investment & Asset Management,Finance,$5 to $10 billion (USD),35.0,35.0,35.0,56
Senior Analyst - Data Analytics,Verint Systems Inc.,4.0,Bengaluru,10 ,1001 to 5000 Employees,1994,Company - Public,Enterprise Software & Network Solutions,Information Technology,Unknown / Non-Applicable,10.0,10.0,10.0,31
Manager - Data Analytics,1 Finance,4.9,Mumbai,5 - 6 ,51 to 200 Employees,2022,Company - Private,Investment & Asset Management,Finance,Unknown / Non-Applicable,10.0,10.0,10.0,3
