Job_Title,Company_Name,Ratings,Location,Salary_Estimates,Company_Size,Founding_Year,Type,Industry,Sector,Revenue
"Data Analyst (Kafka, API)",ITI Data,4.0,Hyderābād,₹4L - ₹6L (Glassdoor Est.),201 to 500 Employees,1999,Company - Private,Information Technology Support Services,Information Technology,Unknown / Non-Applicable
FBT Data Operations - Document Control & Engineering Data Analyst,BP Energy,3.9,Pune,₹6L - ₹7L (Glassdoor Est.),10000+ Employees,1908,Company - Public,Energy & Utilities,"Energy, mining, utilities",$10+ billion (USD)
Business system owner Order management – Senior Analyst,Sanofi EU,4.0,Hyderābād,₹8L - ₹10L (Glassdoor Est.),10000+ Employees,1973,Company - Public,Biotech & Pharmaceuticals,Pharmaceutical and biotechnology,$10+ billion (USD)
Vendor Master Data Management Analyst,Sanofi EU,4.0,Hyderābād,₹6L - ₹10L (Glassdoor Est.),10000+ Employees,1973,Company - Public,Biotech & Pharmaceuticals,Pharmaceutical and biotechnology,$10+ billion (USD)
Global Planning Analyst,BP Energy,3.9,Pune,₹7L - ₹10L (Glassdoor Est.),10000+ Employees,1908,Company - Public,Energy & Utilities,"Energy, mining, utilities",$10+ billion (USD)
Global Planning Analyst,BP Energy,3.9,Pune,₹7L - ₹10L (Glassdoor Est.),10000+ Employees,1908,Company - Public,Energy & Utilities,"Energy, mining, utilities",$10+ billion (USD)
FP&A Analytics & Digitization Senior Analyst,BP Energy,3.9,Pune,₹7L - ₹10L (Glassdoor Est.),10000+ Employees,1908,Company - Public,Energy & Utilities,"Energy, mining, utilities",$10+ billion (USD)
Systems and Performance Insights Analyst - TSI,BP Energy,3.9,Pune,₹5L - ₹8L (Glassdoor Est.),10000+ Employees,1908,Company - Public,Energy & Utilities,"Energy, mining, utilities",$10+ billion (USD)
Risk Assurance - Senior Analyst,Sanofi EU,4.0,Hyderābād,₹3L - ₹7L (Glassdoor Est.),10000+ Employees,1973,Company - Public,Biotech & Pharmaceuticals,Pharmaceutical and biotechnology,$10+ billion (USD)
Senior Analyst,BP Energy,3.9,Pune,₹7L - ₹10L (Glassdoor Est.),10000+ Employees,1908,Company - Public,Energy & Utilities,"Energy, mining, utilities",$10+ billion (USD)
FP&A Analytics & Digitization Solutions Senior Analyst,BP Energy,3.9,Pune,₹7L - ₹10L (Glassdoor Est.),10000+ Employees,1908,Company - Public,Energy & Utilities,"Energy, mining, utilities",$10+ billion (USD)
FP&A Analytics & Digitization Solution delivery project Senior Analyst,BP Energy,3.9,Pune,₹7L - ₹10L (Glassdoor Est.),10000+ Employees,1908,Company - Public,Energy & Utilities,"Energy, mining, utilities",$10+ billion (USD)
Asset & Wealth Management Operations - Ops Product Data - Analyst - Hyderabad,Goldman Sachs,3.8,Hyderābād,₹8L - ₹10L (Glassdoor Est.),10000+ Employees,1869,Company - Public,Investment & Asset Management,Finance,$10+ billion (USD)
Benchmarking Analyst - TSI,BP Energy,3.9,Pune,₹7L - ₹10L (Glassdoor Est.),10000+ Employees,1908,Company - Public,Energy & Utilities,"Energy, mining, utilities",$10+ billion (USD)
Technology &Transformation | EAD Engineering | Data Analyst,Deloitte,4.0,Bengaluru,₹6L - ₹9L (Glassdoor Est.),10000+ Employees,1850,Company - Private,Business consulting,Management and consulting,Unknown / Non-Applicable
Senior AR Analyst,BP Energy,3.9,Pune,₹6L - ₹7L (Glassdoor Est.),10000+ Employees,1908,Company - Public,Energy & Utilities,"Energy, mining, utilities",$10+ billion (USD)
FP&A O&G Data Modelling Senior Analyst,BP Energy,3.9,Pune,₹7L - ₹10L (Glassdoor Est.),10000+ Employees,1908,Company - Public,Energy & Utilities,"Energy, mining, utilities",$10+ billion (USD)
Associate Analyst - Data Solutions,Altus Group,3.6,Telangana,₹4L - ₹10L (Employer Est.),1001 to 5000 Employees,2005,Company - Public,Real estate,Real estate,$100 to $500 million (USD)
Data Analyst,DAZN,2.9,Hyderābād,₹8L - ₹10L (Glassdoor Est.),1001 to 5000 Employees,2015,Company - Private,Internet & Web Services,Information Technology,Unknown / Non-Applicable
Data Analyst,L&T Technology Services Limited.,3.4,Vadodara,₹4L - ₹6L (Glassdoor Est.),10000+ Employees,2014,Company - Public,Information Technology Support Services,Information Technology,$500 million to $1 billion (USD)
Data Analyst - Offshore,Quest Global,3.7,Bengaluru,₹7L - ₹9L (Glassdoor Est.),10000+ Employees,1997,Company - Private,Information Technology Support Services,Information Technology,$500 million to $1 billion (USD)
"Analyst - Model Risk Management, Model Validation",BlackRock Investments,3.9,Gurgaon,₹6L - ₹9L (Glassdoor Est.),10000+ Employees,1988,Company - Public,Investment & Asset Management,Finance,$10+ billion (USD)
Junior Business Analyst - Asset Management Risk Controls,Delta Capita,3.3,Hyderābād,₹7L - ₹10L (Glassdoor Est.),501 to 1000 Employees,2012,Company - Private,Investment & Asset Management,Finance,$25 to $50 million (USD)
Data Analyst,HNM Solutions,4.3,Pune,₹3L - ₹6L (Glassdoor Est.),51 to 200 Employees,--,Company - Private,--,--,Unknown / Non-Applicable
FBT Data Operations - Document Control & Engineering Data Analyst,BP Energy,3.9,Pune,₹6L - ₹7L (Glassdoor Est.),10000+ Employees,1908,Company - Public,Energy & Utilities,"Energy, mining, utilities",$10+ billion (USD)
Senior Analyst - Logistics AU,BP Energy,3.9,Pune,₹7L - ₹10L (Glassdoor Est.),10000+ Employees,1908,Company - Public,Energy & Utilities,"Energy, mining, utilities",$10+ billion (USD)
Performance Analyst - TSI,BP Energy,3.9,Pune,₹5L - ₹12L (Glassdoor Est.),10000+ Employees,1908,Company - Public,Energy & Utilities,"Energy, mining, utilities",$10+ billion (USD)
"Benefits Analyst, Total Rewards",Kimberly-Clark,4.0,Pune,₹3L - ₹8L (Glassdoor Est.),10000+ Employees,1872,Company - Public,Consumer Product Manufacturing,Manufacturing,$10+ billion (USD)
Senior Credit Risk Analyst,BP Energy,3.9,Pune,₹4L - ₹7L (Glassdoor Est.),10000+ Employees,1908,Company - Public,Energy & Utilities,"Energy, mining, utilities",$10+ billion (USD)
FP&A Analytics & Digitization Sustain Senior Analyst,BP Energy,3.9,Pune,₹7L - ₹10L (Glassdoor Est.),10000+ Employees,1908,Company - Public,Energy & Utilities,"Energy, mining, utilities",$10+ billion (USD)
Supply Chain Transformation - Performance Analyst,BP Energy,3.9,Pune,₹5L - ₹12L (Glassdoor Est.),10000+ Employees,1908,Company - Public,Energy & Utilities,"Energy, mining, utilities",$10+ billion (USD)
Associate Data Analyst,Optum,3.5,Hyderābād,₹2L - ₹10L (Glassdoor Est.),10000+ Employees,--,Company - Public,Healthcare Services & Hospitals,Healthcare,$10+ billion (USD)
Data Analyst,Autodesk,4.2,Bengaluru,₹1L (Glassdoor Est.),10000+ Employees,1982,Company - Public,Enterprise Software & Network Solutions,Information Technology,$5 to $10 billion (USD)
"Sustainability Analyst, Data and Reporting",JLL,3.8,Bengaluru,₹6L - ₹8L (Glassdoor Est.),10000+ Employees,--,Company - Public,Real estate,Real estate,$5 to $10 billion (USD)
Data Analyst / PMS Analyst,JiBe ERP,3.6,Navi Mumbai,₹4L - ₹8L (Glassdoor Est.),201 to 500 Employees,2015,Company - Private,Information Technology Support Services,Information Technology,Unknown / Non-Applicable
Aladdin Financial Engineering Quantitative Research Associate,BlackRock Investments,3.9,Gurgaon,₹5L - ₹7L (Glassdoor Est.),10000+ Employees,1988,Company - Public,Investment & Asset Management,Finance,$10+ billion (USD)
Data Analyst,PradeepIT Consulting Services,4.6,Pune,₹3L - ₹6L (Glassdoor Est.),51 to 200 Employees,2008,Company - Private,Information Technology Support Services,Information Technology,$1 to $5 million (USD)
Data Operations Analyst,BP Energy,3.9,Pune,₹5L - ₹8L (Glassdoor Est.),10000+ Employees,1908,Company - Public,Energy & Utilities,"Energy, mining, utilities",$10+ billion (USD)
"Category Management Analyst, Center of Store",BP Energy,3.9,Pune,₹7L - ₹12L (Glassdoor Est.),10000+ Employees,1908,Company - Public,Energy & Utilities,"Energy, mining, utilities",$10+ billion (USD)
Senior Analyst - Logistics NZ,BP Energy,3.9,Pune,₹7L - ₹10L (Glassdoor Est.),10000+ Employees,1908,Company - Public,Energy & Utilities,"Energy, mining, utilities",$10+ billion (USD)
FP&A Business Performance Senior Analyst,BP Energy,3.9,Pune,₹7L - ₹10L (Glassdoor Est.),10000+ Employees,1908,Company - Public,Energy & Utilities,"Energy, mining, utilities",$10+ billion (USD)
Business Analyst (Entry Level),Kennect,4.5,Mumbai,₹5L - ₹6L (Glassdoor Est.),51 to 200 Employees,2017,Company - Private,Software Development,Information Technology,Less than $1 million (USD)
Data Analyst,Capgemini Engineering,3.5,Bengaluru,₹2L - ₹3L (Glassdoor Est.),10000+ Employees,1967,Company - Public,Information Technology Support Services,Information Technology,$10+ billion (USD)
Market Data Operations Analyst,"Intercontinental Exchange Holdings, Inc.",3.4,Hyderābād,₹8L - ₹9L (Glassdoor Est.),5001 to 10000 Employees,2000,Company - Public,Stock Exchanges,Finance,$5 to $10 billion (USD)
Data Analyst,Optum,3.5,Hyderābād,₹2L - ₹10L (Glassdoor Est.),10000+ Employees,--,Company - Public,Healthcare Services & Hospitals,Healthcare,$10+ billion (USD)
Data Analyst,"Intercontinental Exchange Holdings, Inc.",3.4,Hyderābād,₹5L - ₹6L (Glassdoor Est.),5001 to 10000 Employees,2000,Company - Public,Stock Exchanges,Finance,$5 to $10 billion (USD)
Junior Data Analyst (F),coolboots,2.6,Gurgaon,₹4L - ₹8L (Glassdoor Est.),51 to 200 Employees,--,Company - Private,--,--,Unknown / Non-Applicable
Analyst-Data Analytics,Amex,4.1,Gurgaon,₹4L - ₹8L (Glassdoor Est.),10000+ Employees,1850,Company - Public,Financial Transaction Processing,Finance,$10+ billion (USD)
Market Research Data Analyst,Robas Research,3.7,Bengaluru,₹6L - ₹8L (Glassdoor Est.),1 to 50 Employees,2012,Company - Private,Information Technology Support Services,Information Technology,Unknown / Non-Applicable
Data Analyst,Godaam Innovations,4.0,Nashik,₹4L - ₹8L (Glassdoor Est.),1 to 50 Employees,--,Company - Private,--,--,Unknown / Non-Applicable
Financial Analyst 1,Hewlett Packard,4.0,Bengaluru,₹6L - ₹7L (Glassdoor Est.),10000+ Employees,1939,Company - Public,Computer Hardware Development,Information Technology,Unknown / Non-Applicable
Data Analyst - GCSS,Whatfix,3.6,Bengaluru,₹5L - ₹9L (Glassdoor Est.),501 to 1000 Employees,2013,Company - Private,Internet & Web Services,Information Technology,$25 to $50 million (USD)
Junior Risk Analyst,Invesco,3.8,Hyderābād,₹4L - ₹7L (Glassdoor Est.),5001 to 10000 Employees,1935,Company - Public,Investment & Asset Management,Finance,Unknown / Non-Applicable
Data Analysis,Leventm Technologies,5.0,Bengaluru,₹3L - ₹7L (Glassdoor Est.),1 to 50 Employees,2018,Company - Private,Information Technology Support Services,Information Technology,Less than $1 million (USD)
FBT Data Operations - Document Control & Engineering Data Analyst,BP Energy,3.9,Pune,₹6L - ₹7L (Glassdoor Est.),10000+ Employees,1908,Company - Public,Energy & Utilities,"Energy, mining, utilities",$10+ billion (USD)
Senior Analyst,BP Energy,3.9,Pune,₹7L - ₹10L (Glassdoor Est.),10000+ Employees,1908,Company - Public,Energy & Utilities,"Energy, mining, utilities",$10+ billion (USD)
Benchmarking Analyst - TSI,BP Energy,3.9,Pune,₹7L - ₹10L (Glassdoor Est.),10000+ Employees,1908,Company - Public,Energy & Utilities,"Energy, mining, utilities",$10+ billion (USD)
Supply Chain Transformation - Performance Analyst,BP Energy,3.9,Pune,₹5L - ₹12L (Glassdoor Est.),10000+ Employees,1908,Company - Public,Energy & Utilities,"Energy, mining, utilities",$10+ billion (USD)
Solution Design Analyst – Demand and Supply Planning (Kinaxis Maestro),BP Energy,3.9,Pune,₹5L - ₹8L (Glassdoor Est.),10000+ Employees,1908,Company - Public,Energy & Utilities,"Energy, mining, utilities",$10+ billion (USD)
"Scaled Abuse Analyst, Trust & Safety, YouTube",YouTube,4.4,Hyderābād,₹1L - ₹2L (Glassdoor Est.),1001 to 5000 Employees,2005,Subsidiary or Business Segment,Internet & Web Services,Information Technology,Unknown / Non-Applicable
Data Analyst,Nineleaps,4.0,Bengaluru,₹6L - ₹9L (Glassdoor Est.),201 to 500 Employees,2014,Company - Private,Information Technology Support Services,Information Technology,Unknown / Non-Applicable
Data Research Analyst,Morningstar,4.0,Navi Mumbai,₹4L - ₹6L (Glassdoor Est.),10000+ Employees,1984,Company - Public,Research and development,Management and consulting,$2 to $5 billion (USD)
Junior Data Analyst (PGDM Finance Freshers),Institutional Shareholder Services,3.5,Mumbai,₹5L - ₹7L (Glassdoor Est.),1001 to 5000 Employees,1985,Unknown,Research and development,Management and consulting,$25 to $50 million (USD)
DATA ANALYST (FINANCE),Headphone Zone,2.5,Mumbai,₹4L - ₹8L (Glassdoor Est.),51 to 200 Employees,--,Company - Private,--,--,Unknown / Non-Applicable
Data Analyst,ScopeHR Services,5.0,India,₹2L - ₹10L (Employer Est.),1 to 50 Employees,2012,Private Practice / Firm,HR Consulting,Human resources and staffing,Unknown / Non-Applicable
Data Analyst (Tableau),SailPoint,4.6,Pune,₹4L - ₹6L (Glassdoor Est.),1001 to 5000 Employees,2005,Company - Private,Enterprise Software & Network Solutions,Information Technology,$100 to $500 million (USD)
Data Analyst/Power BI,SourceMash Technologies,3.3,Mohali,₹4L - ₹8L (Glassdoor Est.),51 to 200 Employees,--,Company - Private,--,--,Unknown / Non-Applicable
Data Visualization Analyst,Linesight,4.0,Mumbai,₹4L - ₹7L (Glassdoor Est.),501 to 1000 Employees,1974,Company - Private,Business consulting,Management and consulting,Unknown / Non-Applicable
"Client Reporting Production CX, Analyst",BlackRock Investments,3.9,Mumbai,₹7L - ₹9L (Glassdoor Est.),10000+ Employees,1988,Company - Public,Investment & Asset Management,Finance,$10+ billion (USD)
Business Analyst - Logistics Analyst,Genpact,3.9,Hyderābād,₹4L - ₹8L (Glassdoor Est.),10000+ Employees,1997,Company - Public,Information Technology Support Services,Information Technology,$2 to $5 billion (USD)
Business Analyst,Cleartax,3.6,Bengaluru,₹8L - ₹9L (Glassdoor Est.),1001 to 5000 Employees,2011,Company - Private,Internet & Web Services,Information Technology,Unknown / Non-Applicable
Fresher 2024 | Business Analyst,Propel Technology Group,4.4,Chennai,₹8L - ₹9L (Glassdoor Est.),51 to 200 Employees,--,Company - Private,Information Technology Support Services,Information Technology,Unknown / Non-Applicable
Senior Analyst - Logistics AU,BP Energy,3.9,Pune,₹7L - ₹10L (Glassdoor Est.),10000+ Employees,1908,Company - Public,Energy & Utilities,"Energy, mining, utilities",$10+ billion (USD)
"Category Management Analyst, Foodservice and Beverage",BP Energy,3.9,Pune,₹7L - ₹12L (Glassdoor Est.),10000+ Employees,1908,Company - Public,Energy & Utilities,"Energy, mining, utilities",$10+ billion (USD)
Senior AR Analyst,BP Energy,3.9,Pune,₹6L - ₹7L (Glassdoor Est.),10000+ Employees,1908,Company - Public,Energy & Utilities,"Energy, mining, utilities",$10+ billion (USD)
Systems and Performance Insights Analyst - TSI,BP Energy,3.9,Pune,₹5L - ₹8L (Glassdoor Est.),10000+ Employees,1908,Company - Public,Energy & Utilities,"Energy, mining, utilities",$10+ billion (USD)
Risk Assurance - Senior Analyst,Sanofi EU,4.0,Hyderābād,₹3L - ₹7L (Glassdoor Est.),10000+ Employees,1973,Company - Public,Biotech & Pharmaceuticals,Pharmaceutical and biotechnology,$10+ billion (USD)
FP&A Control Senior Analyst Oil & Gas,BP Energy,3.9,Pune,₹7L - ₹10L (Glassdoor Est.),10000+ Employees,1908,Company - Public,Energy & Utilities,"Energy, mining, utilities",$10+ billion (USD)
FP&A Cost Performance Sr Analyst,BP Energy,3.9,Pune,₹7L - ₹10L (Glassdoor Est.),10000+ Employees,1908,Company - Public,Energy & Utilities,"Energy, mining, utilities",$10+ billion (USD)
FP&A O&G Data Modelling Senior Analyst,BP Energy,3.9,Pune,₹7L - ₹10L (Glassdoor Est.),10000+ Employees,1908,Company - Public,Energy & Utilities,"Energy, mining, utilities",$10+ billion (USD)
Analyst EDC Data Acquisition Expert - Mumbai/Bangalore/Hyderabad,Johnson & Johnson,4.1,Mumbai,₹3L - ₹10L (Glassdoor Est.),10000+ Employees,1887,Company - Public,Biotech & Pharmaceuticals,Pharmaceutical and biotechnology,$10+ billion (USD)
Data Analyst,Cindrebay School of Design,4.3,Cannanore,₹4L - ₹8L (Glassdoor Est.),Unknown,--,Company - Public,--,--,Unknown / Non-Applicable
Global Planning Analyst,BP Energy,3.9,Pune,₹7L - ₹10L (Glassdoor Est.),10000+ Employees,1908,Company - Public,Energy & Utilities,"Energy, mining, utilities",$10+ billion (USD)
FBT Data Operations - Document Control & Engineering Data Senior Analyst,BP Energy,3.9,Pune,₹3L - ₹5L (Glassdoor Est.),10000+ Employees,1908,Company - Public,Energy & Utilities,"Energy, mining, utilities",$10+ billion (USD)
Inventory Analyst,BP Energy,3.9,Pune,₹3L - ₹8L (Glassdoor Est.),10000+ Employees,1908,Company - Public,Energy & Utilities,"Energy, mining, utilities",$10+ billion (USD)
Senior Credit Risk Analyst,BP Energy,3.9,Pune,₹4L - ₹7L (Glassdoor Est.),10000+ Employees,1908,Company - Public,Energy & Utilities,"Energy, mining, utilities",$10+ billion (USD)
Business Analyst - L2,Wipro Limited,3.6,Hyderābād,₹4L - ₹8L (Glassdoor Est.),10000+ Employees,1945,Company - Public,Information Technology Support Services,Information Technology,$5 to $10 billion (USD)
AM/DM -Data Analyst,Maruti Suzuki India Ltd,3.8,Gurgaon,₹2L - ₹4L (Glassdoor Est.),10000+ Employees,--,Company - Public,Transportation Equipment Manufacturing,Manufacturing,$10+ billion (USD)
Data Analyst,Proziod,3.6,Bengaluru,₹3L - ₹4L (Employer Est.),1 to 50 Employees,2016,Company - Private,Information Technology Support Services,Information Technology,Less than $1 million (USD)
"Analyst, Business Delivery",Alter Domus,3.4,Hyderābād,₹6L - ₹8L (Glassdoor Est.),5001 to 10000 Employees,2003,Company - Private,Accounting & Tax,Finance,Unknown / Non-Applicable
ISC -C-BOM Data Analyst,ALSTOM,3.8,Bengaluru,₹5L - ₹6L (Glassdoor Est.),10000+ Employees,1928,Company - Public,Rail Transportation,Transportation and logistics,$5 to $10 billion (USD)
Data Analyst,Matangi Industries,5.0,Ahmedabad,₹4L (Employer Est.),51 to 200 Employees,--,Company - Public,--,--,Unknown / Non-Applicable
"Analyst II, Global Financial Data Operations",Kroll,3.5,Hyderābād,₹5L - ₹8L (Glassdoor Est.),5001 to 10000 Employees,1932,Company - Private,Financial Transaction Processing,Finance,$2 to $5 billion (USD)
Data Analyst I,Tekion,3.5,Bengaluru,₹6L - ₹8L (Glassdoor Est.),1001 to 5000 Employees,2016,Company - Private,Enterprise Software & Network Solutions,Information Technology,Unknown / Non-Applicable
Client Data Analyst,JPMorganChase,4.1,Bengaluru,₹7L - ₹10L (Glassdoor Est.),10000+ Employees,1799,Company - Public,Banking & Lending,Finance,$10+ billion (USD)
Benchmarking Analyst - TSI,BP Energy,3.9,Pune,₹7L - ₹10L (Glassdoor Est.),10000+ Employees,1908,Company - Public,Energy & Utilities,"Energy, mining, utilities",$10+ billion (USD)
FP&A Analytics & Digitization Sustain Senior Analyst,BP Energy,3.9,Pune,₹7L - ₹10L (Glassdoor Est.),10000+ Employees,1908,Company - Public,Energy & Utilities,"Energy, mining, utilities",$10+ billion (USD)
"Data Analyst - Power BI, Python and Alteryx",Optum,3.5,Hyderābād,₹2L - ₹10L (Glassdoor Est.),10000+ Employees,--,Company - Public,Healthcare Services & Hospitals,Healthcare,$10+ billion (USD)
Business Analyst(Contract),Wipro Limited,3.6,Bengaluru,₹3L - ₹8L (Glassdoor Est.),10000+ Employees,1945,Company - Public,Information Technology Support Services,Information Technology,$5 to $10 billion (USD)
Reporting and Analytics Analyst,S&P Global,4.1,Gurgaon,₹4L - ₹7L (Glassdoor Est.),10000+ Employees,1860,Company - Public,Research and development,Management and consulting,$10+ billion (USD)
Python Data Analyst,MSCI Inc,4.1,Mumbai,₹7L - ₹8L (Glassdoor Est.),1001 to 5000 Employees,1969,Company - Public,Investment & Asset Management,Finance,$2 to $5 billion (USD)
Data Analyst,Hexanika,3.4,Pune,₹3L - ₹6L (Glassdoor Est.),1 to 50 Employees,--,Company - Private,--,--,Unknown / Non-Applicable
Data Analyst,Sanjay Hyundai,4.3,India,₹15T - ₹25T (Employer Est.),1 to 50 Employees,1954,Company - Private,Motor Vehicle Dealers,Retail and wholesale,Unknown / Non-Applicable
"System Analyst I, EU Compliance",ADCI HYD 13 SEZ,3.6,Hyderābād,₹3L - ₹9L (Glassdoor Est.),10000+ Employees,1994,Company - Public,Internet & Web Services,Information Technology,$10+ billion (USD)
DATA ANALYST,Gemini Exports,3.9,Mumbai,₹4L - ₹8L (Glassdoor Est.),1 to 50 Employees,--,Company - Private,--,--,Unknown / Non-Applicable
Procurement Analyst,Altus Group,3.6,Telangana,₹6L - ₹15L (Employer Est.),1001 to 5000 Employees,2005,Company - Public,Real estate,Real estate,$100 to $500 million (USD)
Data Analyst,Prodapt,3.6,Chennai,₹8L - ₹10L (Glassdoor Est.),51 to 200 Employees,--,Company - Private,Computer Hardware Development,Information Technology,$5 to $25 million (USD)
Data/Research Analyst,PCDS Infotech,5.0,Mumbai,₹5L - ₹8L (Glassdoor Est.),51 to 200 Employees,--,Company - Private,--,--,Unknown / Non-Applicable
Data Analyst 3 (Hyderabad),Hyland Software,3.6,Hyderābād,₹5L - ₹8L (Glassdoor Est.),1001 to 5000 Employees,1991,Company - Private,Software Development,Information Technology,$500 million to $1 billion (USD)
Workforce Planning Analyst - IEX,Optum,3.5,Gurgaon,₹5L - ₹9L (Glassdoor Est.),10000+ Employees,--,Company - Public,Healthcare Services & Hospitals,Healthcare,$10+ billion (USD)
FBT Data Operations - Document Control & Engineering Data Senior Analyst,BP Energy,3.9,Pune,₹3L - ₹5L (Glassdoor Est.),10000+ Employees,1908,Company - Public,Energy & Utilities,"Energy, mining, utilities",$10+ billion (USD)
Systems and Performance Insights Analyst - TSI,BP Energy,3.9,Pune,₹5L - ₹8L (Glassdoor Est.),10000+ Employees,1908,Company - Public,Energy & Utilities,"Energy, mining, utilities",$10+ billion (USD)
Senior AR Analyst,BP Energy,3.9,Pune,₹6L - ₹7L (Glassdoor Est.),10000+ Employees,1908,Company - Public,Energy & Utilities,"Energy, mining, utilities",$10+ billion (USD)
Senior Credit Risk Analyst,BP Energy,3.9,Pune,₹4L - ₹7L (Glassdoor Est.),10000+ Employees,1908,Company - Public,Energy & Utilities,"Energy, mining, utilities",$10+ billion (USD)
FP&A Cost Performance Sr Analyst,BP Energy,3.9,Pune,₹7L - ₹10L (Glassdoor Est.),10000+ Employees,1908,Company - Public,Energy & Utilities,"Energy, mining, utilities",$10+ billion (USD)
FP&A O&G Data Modelling Senior Analyst,BP Energy,3.9,Pune,₹7L - ₹10L (Glassdoor Est.),10000+ Employees,1908,Company - Public,Energy & Utilities,"Energy, mining, utilities",$10+ billion (USD)
Data Analyst,altbalaji,2.7,Mumbai,₹4L - ₹8L (Glassdoor Est.),51 to 200 Employees,--,Company - Public,--,--,Unknown / Non-Applicable
Business Analyst,IntouchCX,3.2,Hyderābād,₹7L - ₹8L (Glassdoor Est.),10000+ Employees,2000,Company - Private,Business consulting,Management and consulting,$100 to $500 million (USD)
Internal Audit-Hyderabad-Analyst-Data Analytics,Goldman Sachs,3.8,Hyderābād,₹8L - ₹10L (Glassdoor Est.),10000+ Employees,1869,Company - Public,Investment & Asset Management,Finance,$10+ billion (USD)
Risk-Analyst-Data Assurance- Analytics & Reporting,Goldman Sachs,3.8,Bengaluru,₹2L - ₹10L (Glassdoor Est.),10000+ Employees,1869,Company - Public,Investment & Asset Management,Finance,$10+ billion (USD)
Associate Healthcare Research & Data Analyst,Clarivate,3.6,Noida,₹6L - ₹8L (Glassdoor Est.),10000+ Employees,2016,Company - Public,Information Technology Support Services,Information Technology,$2 to $5 billion (USD)
Data Analyst,Orbit & Skyline,4.0,Mohali,₹3L - ₹7L (Glassdoor Est.),201 to 500 Employees,2009,Company - Private,Architectural & Engineering Services,"Construction, repair and maintenance",Unknown / Non-Applicable
Data Analyst,Hashtag Infosystem,3.4,India,₹20T - ₹30T (Employer Est.),51 to 200 Employees,--,Company - Private,--,--,Unknown / Non-Applicable
Client Data Analyst (ECM Alpha),ION,3.3,Mumbai,₹6L - ₹8L (Glassdoor Est.),Unknown,--,Unknown,Architectural & Engineering Services,"Construction, repair and maintenance",Unknown / Non-Applicable
Global Planning Analyst,BP Energy,3.9,Pune,₹7L - ₹10L (Glassdoor Est.),10000+ Employees,1908,Company - Public,Energy & Utilities,"Energy, mining, utilities",$10+ billion (USD)
Senior Analyst - Logistics AU,BP Energy,3.9,Pune,₹7L - ₹10L (Glassdoor Est.),10000+ Employees,1908,Company - Public,Energy & Utilities,"Energy, mining, utilities",$10+ billion (USD)
Supply Chain Transformation - Performance Analyst,BP Energy,3.9,Pune,₹5L - ₹12L (Glassdoor Est.),10000+ Employees,1908,Company - Public,Energy & Utilities,"Energy, mining, utilities",$10+ billion (USD)
Reporting Analyst,TTEC,3.3,Hyderābād,₹3L - ₹4L (Glassdoor Est.),10000+ Employees,1982,Company - Public,HR Consulting,Human resources and staffing,$2 to $5 billion (USD)
Data Analyst,"Intercontinental Exchange Holdings, Inc.",3.4,Pune,₹6L - ₹8L (Glassdoor Est.),5001 to 10000 Employees,2000,Company - Public,Stock Exchanges,Finance,$5 to $10 billion (USD)
Pricing Analyst (Freelance Contractor),Danby Appliances,3.3,Remote,₹516.00 - ₹682.00 Per hour (Employer Est.),201 to 500 Employees,1947,Company - Private,Consumer Product Manufacturing,Manufacturing,$25 to $50 million (USD)
Business Analyst-ARD RETAIL-ARD Retail Portfolio,Kotak Mahindra,3.5,Mumbai,₹5L - ₹8L (Glassdoor Est.),10000+ Employees,1985,Company - Public,Banking & Lending,Finance,$2 to $5 billion (USD)
Specialist - Data Analyst,Loyalytics Consulting,3.8,Bengaluru,₹8L - ₹10L (Glassdoor Est.),51 to 200 Employees,2015,Company - Private,Information Technology Support Services,Information Technology,Unknown / Non-Applicable
Business Data Analyst,Coolberg Beverages,2.6,Mumbai,₹5L - ₹6L (Employer Est.),201 to 500 Employees,2016,Company - Private,Food & Beverage Manufacturing,Manufacturing,$5 to $25 million (USD)
Data Analyst,Kennect,4.5,Mumbai,₹5L - ₹7L (Glassdoor Est.),51 to 200 Employees,2017,Company - Private,Software Development,Information Technology,Less than $1 million (USD)
"Data Analyst / BI Engineer, Business Intelligence",Snowflake,3.9,Pune,₹5L - ₹9L (Glassdoor Est.),5001 to 10000 Employees,2012,Company - Public,Enterprise Software & Network Solutions,Information Technology,$2 to $5 billion (USD)
Data Analyst,EisnerAmper LLP,3.8,Mumbai,₹5L - ₹8L (Glassdoor Est.),1001 to 5000 Employees,1963,Company - Private,Accounting & Tax,Finance,$500 million to $1 billion (USD)
Asset & Wealth Management Operations - Reporting & Analytics - Analyst - Bengaluru,Goldman Sachs,3.8,Bengaluru,₹4L - ₹6L (Glassdoor Est.),10000+ Employees,1869,Company - Public,Investment & Asset Management,Finance,$10+ billion (USD)
Asset & Wealth Management Operations - Deposit Fraud - Analyst - Hyderabad,Goldman Sachs,3.8,Hyderābād,₹6L - ₹7L (Glassdoor Est.),10000+ Employees,1869,Company - Public,Investment & Asset Management,Finance,$10+ billion (USD)
Flight Data Analyst,"AMETEK, Inc.",3.5,Bengaluru,₹10L - ₹12L (Glassdoor Est.),10000+ Employees,1930,Company - Public,Electronics Manufacturing,Manufacturing,$5 to $10 billion (USD)
"Analyst, Planning & Scheduling",Concentrix,3.9,Bengaluru,₹6L - ₹7L (Glassdoor Est.),10000+ Employees,2004,Company - Public,Information Technology Support Services,Information Technology,$2 to $5 billion (USD)
Data Governance & Management – Analytics Analyst,Deutsche Bank,3.9,Bengaluru,₹6L - ₹7L (Glassdoor Est.),10000+ Employees,1870,Company - Public,Banking & Lending,Finance,$10+ billion (USD)
"Asset & Wealth Management, Client Solutions Group Data Steward, Analyst",Goldman Sachs,3.8,Bengaluru,₹2L - ₹4L (Glassdoor Est.),10000+ Employees,1869,Company - Public,Investment & Asset Management,Finance,$10+ billion (USD)
Systems and Performance Insights Analyst - TSI,BP Energy,3.9,Pune,₹5L - ₹8L (Glassdoor Est.),10000+ Employees,1908,Company - Public,Energy & Utilities,"Energy, mining, utilities",$10+ billion (USD)
Risk Assurance - Senior Analyst,Sanofi EU,4.0,Hyderābād,₹3L - ₹7L (Glassdoor Est.),10000+ Employees,1973,Company - Public,Biotech & Pharmaceuticals,Pharmaceutical and biotechnology,$10+ billion (USD)
Senior AR Analyst,BP Energy,3.9,Pune,₹6L - ₹7L (Glassdoor Est.),10000+ Employees,1908,Company - Public,Energy & Utilities,"Energy, mining, utilities",$10+ billion (USD)
Benchmarking Analyst - TSI,BP Energy,3.9,Pune,₹7L - ₹10L (Glassdoor Est.),10000+ Employees,1908,Company - Public,Energy & Utilities,"Energy, mining, utilities",$10+ billion (USD)
Senior Credit Risk Analyst,BP Energy,3.9,Pune,₹4L - ₹7L (Glassdoor Est.),10000+ Employees,1908,Company - Public,Energy & Utilities,"Energy, mining, utilities",$10+ billion (USD)
FP&A Business Performance Senior Analyst,BP Energy,3.9,Pune,₹7L - ₹10L (Glassdoor Est.),10000+ Employees,1908,Company - Public,Energy & Utilities,"Energy, mining, utilities",$10+ billion (USD)
Asset & Wealth Management Operations - Fraud Strategy - Analyst - Hyderabad,Goldman Sachs,3.8,Bengaluru,₹6L - ₹7L (Glassdoor Est.),10000+ Employees,1869,Company - Public,Investment & Asset Management,Finance,$10+ billion (USD)
Associate Analyst,SG Analytics,3.2,Pune,₹5L - ₹8L (Glassdoor Est.),501 to 1000 Employees,2006,Company - Private,Business consulting,Management and consulting,$25 to $50 million (USD)
Associate Analyst,EY,3.7,Cochin,₹3L - ₹6L (Glassdoor Est.),10000+ Employees,1989,Company - Private,Accounting & Tax,Finance,$10+ billion (USD)
EDD Analyst II,Coinbase,3.8,Hyderābād,₹10L (Employer Est.),1001 to 5000 Employees,2012,Company - Public,Internet & Web Services,Information Technology,Unknown / Non-Applicable
Technology & Transformation EAD Engg| Power BI| Consultant,Deloitte,4.0,Bengaluru,₹8L - ₹10L (Glassdoor Est.),10000+ Employees,1850,Company - Private,Business consulting,Management and consulting,Unknown / Non-Applicable
Data Analyst Japanese Expert,S&P Global,4.1,Hyderābād,₹5L - ₹6L (Glassdoor Est.),10000+ Employees,1860,Company - Public,Research and development,Management and consulting,$10+ billion (USD)
Associate Research Analyst,IndustryARC,3.4,Hyderābād,₹2L - ₹3L (Employer Est.),51 to 200 Employees,2013,Company - Private,Business consulting,Management and consulting,Unknown / Non-Applicable
"Business Systems Analyst - Macro, Excel, Analytical Trouble Shooting",Optum,3.5,Hyderābād,₹5L - ₹7L (Glassdoor Est.),10000+ Employees,--,Company - Public,Healthcare Services & Hospitals,Healthcare,$10+ billion (USD)
Data Analyst,KC Overseas Education,4.1,Nāgpur,₹6L - ₹10L (Glassdoor Est.),501 to 1000 Employees,1998,Private Practice / Firm,Education Support & Training Services,Education,$100 to $500 million (USD)
Data Analyst (ETL Tools),Alpha Analytics Services,4.0,Pune,₹3L - ₹6L (Glassdoor Est.),51 to 200 Employees,--,Company - Private,--,--,Unknown / Non-Applicable
Analyst | Data Scientist/ Process Optimisation | Bengaluru | Supply Chain & Network Operations,Deloitte,4.0,Bengaluru,₹6L - ₹9L (Glassdoor Est.),10000+ Employees,1850,Company - Private,Business consulting,Management and consulting,Unknown / Non-Applicable
Business Analyst - L2,Wipro Limited,3.6,Hyderābād,₹4L - ₹8L (Glassdoor Est.),10000+ Employees,1945,Company - Public,Information Technology Support Services,Information Technology,$5 to $10 billion (USD)
Business Data Analyst 2,GP Strategies Corporation,3.5,Chennai,₹5L - ₹10L (Glassdoor Est.),1001 to 5000 Employees,1966,Company - Public,Business consulting,Management and consulting,$500 million to $1 billion (USD)
Power BI Analyst,NetConnect Private Limited,3.2,Bengaluru,₹5L - ₹8L (Employer Est.),1001 to 5000 Employees,1997,Company - Private,Information Technology Support Services,Information Technology,Unknown / Non-Applicable
Supply Chain Transformation - Performance Analyst,BP Energy,3.9,Pune,₹5L - ₹12L (Glassdoor Est.),10000+ Employees,1908,Company - Public,Energy & Utilities,"Energy, mining, utilities",$10+ billion (USD)
Sourcing Analyst,Solenis,3.7,Hyderābād,₹4L - ₹8L (Glassdoor Est.),5001 to 10000 Employees,2014,Company - Private,Chemical Manufacturing,Manufacturing,$2 to $5 billion (USD)
Data Operations Analyst,BP,3.9,Pune,₹5L - ₹8L (Glassdoor Est.),10000+ Employees,1908,Company - Public,Energy & Utilities,"Energy, mining, utilities",$10+ billion (USD)
Data Analyst,Innovative Tech Hub,4.0,Pune,₹3L - ₹6L (Glassdoor Est.),1 to 50 Employees,2016,Company - Private,Information Technology Support Services,Information Technology,$5 to $25 million (USD)
Business Analyst,Solenis,3.7,Hyderābād,₹6L (Glassdoor Est.),5001 to 10000 Employees,2014,Company - Private,Chemical Manufacturing,Manufacturing,$2 to $5 billion (USD)
Technical business analyst Data,Virtusa,3.7,Pune,₹7L - ₹10L (Glassdoor Est.),10000+ Employees,1996,Company - Private,Information Technology Support Services,Information Technology,$2 to $5 billion (USD)
Technology Consulting-DP Data Analyst Associate Consultant,KPMG,3.7,Pune,₹6L - ₹9L (Glassdoor Est.),10000+ Employees,1987,Company - Private,Business consulting,Management and consulting,$2 to $5 billion (USD)
Data Operations Financial Analyst,Alter Domus,3.4,Hyderābād,₹3L - ₹6L (Glassdoor Est.),5001 to 10000 Employees,2003,Company - Private,Accounting & Tax,Finance,Unknown / Non-Applicable
"Analyst I, Global Financial Data Operations",Kroll,3.5,Hyderābād,₹5L - ₹8L (Glassdoor Est.),5001 to 10000 Employees,1932,Company - Private,Financial Transaction Processing,Finance,$2 to $5 billion (USD)
Junior Quantitative Analyst (Equities),Millennium Management,3.6,Mumbai,₹5L - ₹6L (Glassdoor Est.),5001 to 10000 Employees,1989,Company - Private,Investment & Asset Management,Finance,Unknown / Non-Applicable
Data Analyst,AgilizTech Software Services,4.2,Bengaluru,₹3L - ₹7L (Glassdoor Est.),1 to 50 Employees,2015,Company - Private,Information Technology Support Services,Information Technology,Unknown / Non-Applicable
Vendor Risk Management Analyst,Xerox,3.3,Bengaluru,₹5L - ₹9L (Glassdoor Est.),10000+ Employees,1906,Company - Public,Information Technology Support Services,Information Technology,$5 to $10 billion (USD)
Data Analyst,JB Poindexter (India) Private Limited,3.9,Bengaluru,₹3L - ₹8L (Glassdoor Est.),5001 to 10000 Employees,1983,Company - Private,Transportation Equipment Manufacturing,Manufacturing,$2 to $5 billion (USD)
Trainee Business Analyst,Lab-Informatics,3.0,Hyderābād,₹3L - ₹9L (Glassdoor Est.),51 to 200 Employees,2019,Company - Private,Information Technology Support Services,Information Technology,$1 to $5 million (USD)
HRIS Data Analyst,LRQA group,3.2,Mumbai,₹5L - ₹7L (Glassdoor Est.),Unknown,--,Company - Private,Business consulting,Management and consulting,Unknown / Non-Applicable
Business Intelligence Analyst,Barclays,3.9,Pune,₹9L - ₹11L (Glassdoor Est.),10000+ Employees,1690,Company - Public,Banking & Lending,Finance,$10+ billion (USD)
"Data Analyst Support, RoW SHARP",ASSPL - Karnataka,3.6,Bengaluru,₹5L - ₹9L (Glassdoor Est.),10000+ Employees,1994,Company - Public,Internet & Web Services,Information Technology,$10+ billion (USD)
FBT Data Operations - Document Control & Engineering Data Analyst,BP Energy,3.9,Pune,₹6L - ₹7L (Glassdoor Est.),10000+ Employees,1908,Company - Public,Energy & Utilities,"Energy, mining, utilities",$10+ billion (USD)
Business Analyst,JPMorganChase,4.1,Mumbai,₹5L - ₹10L (Glassdoor Est.),10000+ Employees,1799,Company - Public,Banking & Lending,Finance,$10+ billion (USD)
Risk Analyst,Khel Group Pvt Ltd,4.2,Mumbai,₹4L - ₹9L (Glassdoor Est.),51 to 200 Employees,2012,Company - Private,Internet & Web Services,Information Technology,Unknown / Non-Applicable
Business Analyst,AXA,3.9,Bengaluru,₹4L - ₹5L (Glassdoor Est.),10000+ Employees,1985,Company - Private,Insurance Carriers,Insurance,$10+ billion (USD)
Data Analyst,Saven Technologies,3.7,Hyderābād,₹3L - ₹7L (Glassdoor Est.),51 to 200 Employees,1994,Company - Private,Information Technology Support Services,Information Technology,Unknown / Non-Applicable
Cash Reporting - Analyst,ALSTOM,3.8,Bengaluru,₹7L - ₹9L (Glassdoor Est.),10000+ Employees,1928,Company - Public,Rail Transportation,Transportation and logistics,$5 to $10 billion (USD)
Data Analyst,Thoucentric,4.0,Bengaluru,₹5L - ₹8L (Glassdoor Est.),501 to 1000 Employees,2015,Company - Private,Business consulting,Management and consulting,Unknown / Non-Applicable
Data Analyst – Competitive Benchmarking & Reporting,Reputation,4.0,Hyderābād,₹9L - ₹10L (Glassdoor Est.),501 to 1000 Employees,2006,Company - Private,Enterprise Software & Network Solutions,Information Technology,$25 to $50 million (USD)
BI Analyst,JLL,3.8,Bengaluru,₹7L - ₹9L (Glassdoor Est.),10000+ Employees,--,Company - Public,Real estate,Real estate,$5 to $10 billion (USD)
Research Analyst,BizKonnect Solutions Pvt Ltd.,4.9,Pune,₹4L (Glassdoor Est.),51 to 200 Employees,2012,Company - Private,Internet & Web Services,Information Technology,Unknown / Non-Applicable
Master Data Analyst,Imerys,3.6,Hyderābād,₹4L - ₹9L (Glassdoor Est.),10000+ Employees,1880,Company - Public,Machinery Manufacturing,Manufacturing,$2 to $5 billion (USD)
Analyst - CMG - ME - Demand Gen - Data Analysis,Deloitte,4.0,Hyderābād,₹6L - ₹8L (Glassdoor Est.),10000+ Employees,1850,Company - Private,Business consulting,Management and consulting,Unknown / Non-Applicable
Data Analyst - Growth,Bombay Play,4.3,Bengaluru,₹4L - ₹10L (Glassdoor Est.),51 to 200 Employees,2017,Company - Private,Video Game Publishing,Media and communication,Unknown / Non-Applicable
Data Analyst,ScaleupAlly,4.1,Noida,₹4L - ₹7L (Glassdoor Est.),51 to 200 Employees,2018,Company - Private,Information Technology Support Services,Information Technology,Less than $1 million (USD)
Risk Assurance - Senior Analyst,Sanofi EU,4.0,Hyderābād,₹3L - ₹7L (Glassdoor Est.),10000+ Employees,1973,Company - Public,Biotech & Pharmaceuticals,Pharmaceutical and biotechnology,$10+ billion (USD)
Benchmarking Analyst - TSI,BP Energy,3.9,Pune,₹7L - ₹10L (Glassdoor Est.),10000+ Employees,1908,Company - Public,Energy & Utilities,"Energy, mining, utilities",$10+ billion (USD)
Data Analyst,Zeta Global,3.4,Hyderābād,₹7L - ₹9L (Glassdoor Est.),1001 to 5000 Employees,2007,Company - Public,Advertising & Public Relations,Media and communication,$100 to $500 million (USD)
Data Analyst,Peak Performance Advisors (OPS) PVTLTD,5.0,Coimbatore,₹15T - ₹20T (Employer Est.),1 to 50 Employees,--,Self-employed,--,--,Unknown / Non-Applicable
Business Technology Analyst - Financial Planning Analysis and Reporting - Hyderabad,Deloitte,4.0,Hyderābād,₹5L - ₹9L (Glassdoor Est.),10000+ Employees,1850,Company - Private,Business consulting,Management and consulting,Unknown / Non-Applicable
"Business Analyst, Associate",Infor,4.0,Hyderābād,₹6L - ₹9L (Glassdoor Est.),10000+ Employees,2002,Company - Private,Enterprise Software & Network Solutions,Information Technology,$2 to $5 billion (USD)
Data Analyst,Convegenius,4.0,Jammu,₹7L - ₹8L (Glassdoor Est.),51 to 200 Employees,2013,Company - Private,Primary & Secondary Schools,Education,$5 to $25 million (USD)
Data Analyst Engineer,Softqube Technologies Pvt Ltd,4.1,India,₹25T - ₹50T (Employer Est.),51 to 200 Employees,--,Company - Private,--,--,Unknown / Non-Applicable
Junior Business Analyst,ApplogiQ,4.3,Tiruppūr,₹4L - ₹8L (Glassdoor Est.),51 to 200 Employees,2020,Company - Private,Software Development,Information Technology,Unknown / Non-Applicable
Data Analyst with Power BI,Gainwell Technologies LLC,3.1,Bengaluru,₹4L - ₹6L (Glassdoor Est.),10000+ Employees,2020,Company - Private,Information Technology Support Services,Information Technology,Unknown / Non-Applicable
Data Analyst / Financial Analyst,Thema Corporate Services Llp,4.0,Elpis,₹50T - ₹80T (Employer Est.),1 to 50 Employees,--,Self-employed,HR Consulting,Human resources and staffing,Unknown / Non-Applicable
Data Analyst,VXI Global Solutions,3.7,Hyderābād,₹4L - ₹6L (Glassdoor Est.),10000+ Employees,1998,Company - Private,Information Technology Support Services,Information Technology,$100 to $500 million (USD)
"Workforce Analyst, CR WFM",ADCI - BLR 14 SEZ - F07,3.6,Bengaluru,₹4L - ₹7L (Glassdoor Est.),10000+ Employees,1994,Company - Public,Internet & Web Services,Information Technology,$10+ billion (USD)
Asset & Wealth Management Operations - Deposit Fraud - Analyst - Hyderabad,Goldman Sachs,3.8,Hyderābād,₹6L - ₹7L (Glassdoor Est.),10000+ Employees,1869,Company - Public,Investment & Asset Management,Finance,$10+ billion (USD)
Process Analyst,Big Basket,3.7,India,₹5L - ₹7L (Employer Est.),1001 to 5000 Employees,2011,Company - Private,Grocery Stores,Retail and wholesale,Unknown / Non-Applicable
Risk Advisory Employee Vetting & Background checks Analyst,KPMG,3.7,Pune,₹4L - ₹9L (Glassdoor Est.),10000+ Employees,1987,Company - Private,Business consulting,Management and consulting,$2 to $5 billion (USD)
Business Analyst [Fresher],AddWeb Solution,4.4,Jaipur,₹3L (Employer Est.),51 to 200 Employees,2012,Company - Private,Information Technology Support Services,Information Technology,Less than $1 million (USD)
Data Migration Business Analyst,LSEG (London Stock Exchange Group),3.7,Bengaluru,₹2L - ₹10L (Glassdoor Est.),10000+ Employees,1698,Company - Public,Stock Exchanges,Finance,$5 to $10 billion (USD)
Data Analyst,Stantec,3.9,Pune,₹4L - ₹8L (Glassdoor Est.),10000+ Employees,1954,Company - Public,Architectural & Engineering Services,"Construction, repair and maintenance",$2 to $5 billion (USD)
"Business Analyst Support, CoBRA",ASSPL - Karnataka,3.6,Bengaluru,₹8L - ₹10L (Glassdoor Est.),10000+ Employees,1994,Company - Public,Internet & Web Services,Information Technology,$10+ billion (USD)
Financial BI Analyst,Reveleer,3.8,Chennai,₹4L - ₹8L (Glassdoor Est.),201 to 500 Employees,2009,Company - Private,Enterprise Software & Network Solutions,Information Technology,$25 to $50 million (USD)
Research Analyst - Global Power Markets,Wood Mackenzie India Private Limited,3.3,Gurgaon,₹8L - ₹9L (Glassdoor Est.),1001 to 5000 Employees,1923,Company - Private,Business consulting,Management and consulting,$100 to $500 million (USD)
"Asset & Wealth Management, Marketing Analytics & Insights, Analyst, Bengaluru",Goldman Sachs,3.8,Bengaluru,₹7L (Glassdoor Est.),10000+ Employees,1869,Company - Public,Investment & Asset Management,Finance,$10+ billion (USD)
Data Analyst,Camsdata,4.5,Bengaluru,₹3L - ₹8L (Glassdoor Est.),51 to 200 Employees,2017,Company - Private,Information Technology Support Services,Information Technology,$1 to $5 million (USD)
Data Analyst,Proclink,4.2,Ahmedabad,₹3L - ₹8L (Glassdoor Est.),1 to 50 Employees,--,Contract,--,--,Unknown / Non-Applicable
Business Analyst,Barclays,3.9,Pune,₹7L - ₹8L (Glassdoor Est.),10000+ Employees,1690,Company - Public,Banking & Lending,Finance,$10+ billion (USD)
Business Analyst,BizKonnect Solutions Pvt Ltd.,4.9,Pune,₹4L - ₹6L (Glassdoor Est.),51 to 200 Employees,2012,Company - Private,Internet & Web Services,Information Technology,Unknown / Non-Applicable
Risk Advisory Business Analyst Consultant,KPMG,3.7,Mumbai,₹4L - ₹10L (Glassdoor Est.),10000+ Employees,1987,Company - Private,Business consulting,Management and consulting,$2 to $5 billion (USD)
Business Analyst,Virtusa,3.7,Pune,₹7L - ₹10L (Glassdoor Est.),10000+ Employees,1996,Company - Private,Information Technology Support Services,Information Technology,$2 to $5 billion (USD)
Systems and Performance Insights Analyst - TSI,BP Energy,3.9,Pune,₹5L - ₹8L (Glassdoor Est.),10000+ Employees,1908,Company - Public,Energy & Utilities,"Energy, mining, utilities",$10+ billion (USD)
Benchmarking Analyst - TSI,BP Energy,3.9,Pune,₹7L - ₹10L (Glassdoor Est.),10000+ Employees,1908,Company - Public,Energy & Utilities,"Energy, mining, utilities",$10+ billion (USD)
Solution Design Analyst – Demand and Supply Planning (Kinaxis Maestro),BP Energy,3.9,Pune,₹5L - ₹8L (Glassdoor Est.),10000+ Employees,1908,Company - Public,Energy & Utilities,"Energy, mining, utilities",$10+ billion (USD)
Asset & Wealth Management Operations - Deposit Fraud - Analyst - Hyderabad,Goldman Sachs,3.8,Hyderābād,₹6L - ₹7L (Glassdoor Est.),10000+ Employees,1869,Company - Public,Investment & Asset Management,Finance,$10+ billion (USD)
Data Analyst,ALLEN Career Institute,4.1,Kota,₹5L - ₹8L (Glassdoor Est.),1001 to 5000 Employees,1988,Company - Private,Education Support & Training Services,Education,$100 to $500 million (USD)
Finance Data Analyst,ATS Corporation,3.1,Bengaluru,₹3L - ₹7L (Glassdoor Est.),201 to 500 Employees,2006,Company - Public,Information Technology Support Services,Information Technology,$25 to $50 million (USD)
"Asset and Wealth Management, Business Analytics, Analyst, Bengaluru",Goldman Sachs,3.8,Bengaluru,₹6L - ₹8L (Glassdoor Est.),10000+ Employees,1869,Company - Public,Investment & Asset Management,Finance,$10+ billion (USD)
Data Analyst,Increasingly,4.9,Bengaluru,₹3L - ₹7L (Glassdoor Est.),1 to 50 Employees,2017,Company - Private,Internet & Web Services,Information Technology,Unknown / Non-Applicable
Data Analyst,AstraZeneca,4.0,Chennai,₹8L - ₹9L (Glassdoor Est.),10000+ Employees,1913,Company - Public,Biotech & Pharmaceuticals,Pharmaceutical and biotechnology,$10+ billion (USD)
"Analyst - Supply Chain Data Ops, Governance & Reporting",Lowe's,4.2,Bengaluru,₹4L - ₹6L (Glassdoor Est.),1001 to 5000 Employees,1921,Company - Public,Home Furniture & Housewares Stores,Retail and wholesale,$10+ billion (USD)
"Web Analyst, Management Trainee, B Tech, BCA, MCA",Five Feed Learning Solutions Pvt. Ltd.,3.8,Bengaluru,₹3L - ₹4L (Employer Est.),1 to 50 Employees,--,Company - Private,--,--,Unknown / Non-Applicable
Data Governance Analyst,Investec,4.1,Mumbai,₹4L - ₹7L (Glassdoor Est.),5001 to 10000 Employees,1974,Company - Public,Investment & Asset Management,Finance,$2 to $5 billion (USD)
Analyst - Business Consulting Risk - CHS - CNS - Risk - Process & Controls - Mumbai,EY,3.7,Mumbai,₹4L - ₹7L (Glassdoor Est.),10000+ Employees,1989,Company - Private,Accounting & Tax,Finance,$10+ billion (USD)
Business Analyst(Contract),Wipro Limited,3.6,Bengaluru,₹3L - ₹8L (Glassdoor Est.),10000+ Employees,1945,Company - Public,Information Technology Support Services,Information Technology,$5 to $10 billion (USD)
Asset & Wealth Management Operations - Deposit Fraud - Analyst - Hyderabad,Goldman Sachs,3.8,Hyderābād,₹6L - ₹7L (Glassdoor Est.),10000+ Employees,1869,Company - Public,Investment & Asset Management,Finance,$10+ billion (USD)
"Business Analyst, Associate, Change, Analytics & Strategy",Morgan Stanley,3.9,Mumbai,₹5L - ₹10L (Glassdoor Est.),10000+ Employees,1935,Company - Public,Investment & Asset Management,Finance,$10+ billion (USD)
Data Analyst,Entain plc,3.4,Hyderābād,₹5L - ₹7L (Glassdoor Est.),10000+ Employees,2004,Company - Public,Gambling & Betting,"Arts, entertainment and recreation",$2 to $5 billion (USD)
Data Research Analyst,VT Netzwelt,4.6,Ahmedabad,₹3L - ₹5L (Glassdoor Est.),51 to 200 Employees,2008,Company - Private,Information Technology Support Services,Information Technology,$5 to $25 million (USD)
MIS Analyst,BVS Global,2.4,Navi Mumbai,₹25T - ₹60T (Employer Est.),1 to 50 Employees,--,Company - Private,--,--,Unknown / Non-Applicable
Data Analyst,Bidgely Inc.,3.8,Bengaluru,₹8L - ₹9L (Glassdoor Est.),51 to 200 Employees,2010,Company - Private,Software Development,Information Technology,Unknown / Non-Applicable
Business Operations Analyst,Qualcomm,3.9,Bengaluru,₹4L - ₹7L (Glassdoor Est.),10000+ Employees,1985,Company - Public,Computer Hardware Development,Information Technology,$10+ billion (USD)
FTI System Analyst (Data & AI Business Analyst),Franklin Templeton Investments,3.8,Hyderābād,₹5L - ₹9L (Glassdoor Est.),5001 to 10000 Employees,1947,Company - Public,Investment & Asset Management,Finance,$5 to $10 billion (USD)
Python | Data Engineering | Data Analyst,Elite Technocrats,2.8,Surat,₹4L - ₹10L (Glassdoor Est.),1 to 50 Employees,--,College / University,--,--,Unknown / Non-Applicable
Data Analyst,Scry Analytics India Pvt Ltd,4.3,Belgaum,₹4L (Glassdoor Est.),51 to 200 Employees,2014,Company - Private,Software Development,Information Technology,$5 to $25 million (USD)
Data Analyst - Pharmaceutical,Takeda Pharmaceutical,3.9,Bengaluru,₹7L - ₹9L (Glassdoor Est.),10000+ Employees,1781,Company - Private,Biotech & Pharmaceuticals,Pharmaceutical and biotechnology,$10+ billion (USD)
Customer Data Insights Analyst,Avalara,3.4,Pune,₹4L - ₹7L (Glassdoor Est.),1001 to 5000 Employees,2004,Company - Private,Enterprise Software & Network Solutions,Information Technology,Unknown / Non-Applicable
FBT Data Operations - Document Control & Engineering Data Analyst,BP Energy,3.9,Pune,₹6L - ₹7L (Glassdoor Est.),10000+ Employees,1908,Company - Public,Energy & Utilities,"Energy, mining, utilities",$10+ billion (USD)
Global Planning Analyst,BP Energy,3.9,Pune,₹7L - ₹10L (Glassdoor Est.),10000+ Employees,1908,Company - Public,Energy & Utilities,"Energy, mining, utilities",$10+ billion (USD)
GBS Data Operations - Document Control & Engineering Data Senior Analyst,BP Energy,3.9,Pune,₹3L - ₹6L (Glassdoor Est.),10000+ Employees,1908,Company - Public,Energy & Utilities,"Energy, mining, utilities",$10+ billion (USD)
Asset & Wealth Management Operations - Deposit Fraud - Analyst - Hyderabad,Goldman Sachs,3.8,Hyderābād,₹6L - ₹7L (Glassdoor Est.),10000+ Employees,1869,Company - Public,Investment & Asset Management,Finance,$10+ billion (USD)
"Banking - Data Analytics M&A & Capital Markets - C09, Officer - Mumbai",Citi,3.7,Mumbai,₹5L - ₹8L (Glassdoor Est.),10000+ Employees,1812,Company - Public,Investment & Asset Management,Finance,$10+ billion (USD)
Credit Risk Controller - Analyst,JPMorganChase,4.1,Bengaluru,₹6L - ₹9L (Glassdoor Est.),10000+ Employees,1799,Company - Public,Banking & Lending,Finance,$10+ billion (USD)
"Academic Research Consultant, Academic Research Analyst",Five Feed Learning Solutions Pvt. Ltd.,3.8,Delhi,₹3L - ₹4L (Employer Est.),1 to 50 Employees,--,Company - Private,--,--,Unknown / Non-Applicable
Data Analyst,Moving walls India Pvt ltd,3.7,Chennai,₹3L - ₹8L (Glassdoor Est.),1 to 50 Employees,2012,Company - Private,Enterprise Software & Network Solutions,Information Technology,Unknown / Non-Applicable
"Data Analyst – SQL, Databrick, API & AWS",UST Global,3.8,Pune,₹5L - ₹8L (Glassdoor Est.),10000+ Employees,1999,Company - Private,Information Technology Support Services,Information Technology,Unknown / Non-Applicable
Operations Analyst I,TravClan Technology India,3.6,Delhi,₹5L - ₹8L (Employer Est.),201 to 500 Employees,2018,Company - Private,Travel Agencies,Hotel and travel accommodation,$1 to $5 million (USD)
KYC/B Data Analyst,myPOS,3.7,India,₹25.00 Per hour (Employer Est.),51 to 200 Employees,2013,Company - Private,Financial Transaction Processing,Finance,$5 to $25 million (USD)
EY - GDS Consulting - AI and DATA - SQL -Data Analyst - Senior,EY,3.7,Pune,₹4L - ₹9L (Glassdoor Est.),10000+ Employees,1989,Company - Private,Accounting & Tax,Finance,$10+ billion (USD)
Data Analyst M/F,Geodis,3.4,Bengaluru,₹5L - ₹9L (Glassdoor Est.),10000+ Employees,1904,Subsidiary or Business Segment,Shipping & Trucking,Transportation and logistics,$5 to $10 billion (USD)
"Analyst, Business & Competitive Intelligence",Precision for Medicine,3.4,Bengaluru,₹4L - ₹10L (Glassdoor Est.),501 to 1000 Employees,2013,Company - Private,Biotech & Pharmaceuticals,Pharmaceutical and biotechnology,Unknown / Non-Applicable
Reporting Analyst - Power Bi/tableau,SearchUrCollege,4.0,Noida,₹4L - ₹7L (Employer Est.),Unknown,--,Company - Private,--,--,Unknown / Non-Applicable
Analyst- Market Research & Strategy (Wealth Management),Morgan Stanley,3.9,Mumbai,₹2L - ₹7L (Glassdoor Est.),10000+ Employees,1935,Company - Public,Investment & Asset Management,Finance,$10+ billion (USD)
Benchmarking Analyst - TSI,BP Energy,3.9,Pune,₹7L - ₹10L (Glassdoor Est.),10000+ Employees,1908,Company - Public,Energy & Utilities,"Energy, mining, utilities",$10+ billion (USD)
Global Banking & Markets Operations - Fees and Commissions - Analyst - Bengaluru,Goldman Sachs,3.8,Bengaluru,₹5L - ₹10L (Glassdoor Est.),10000+ Employees,1869,Company - Public,Investment & Asset Management,Finance,$10+ billion (USD)
Data Analyst,Antarctica Global,2.3,Mumbai,₹12T (Employer Est.),1 to 50 Employees,--,Company - Private,--,--,Unknown / Non-Applicable
Data Analyst,Indus Net Technologies,4.1,Calcutta,₹3L - ₹5L (Glassdoor Est.),501 to 1000 Employees,1997,Company - Private,Information Technology Support Services,Information Technology,$5 to $25 million (USD)
"Data Management, U.S. Wealth Advisory, Analyst",BlackRock Investments,3.9,Gurgaon,₹3L - ₹9L (Glassdoor Est.),10000+ Employees,1988,Company - Public,Investment & Asset Management,Finance,$10+ billion (USD)
Sr Business Analyst,CBRE,3.9,Hyderābād,₹6L - ₹8L (Glassdoor Est.),10000+ Employees,1906,Company - Public,Real estate,Real estate,Unknown / Non-Applicable
Data Analyst,IRIS Business Services Ltd,4.0,Elpis,₹3L - ₹8L (Glassdoor Est.),51 to 200 Employees,--,Company - Private,Advertising & Public Relations,Media and communication,$100 to $500 million (USD)
"Sector Analyst, Forum (Equity & Credit Research)",Third Bridge,4.1,Mumbai,₹5L - ₹8L (Glassdoor Est.),1001 to 5000 Employees,2007,Company - Private,Research and development,Management and consulting,Unknown / Non-Applicable
Data Analyst (Tableau Developer),TRIARQ Health,3.7,Pune,₹3L - ₹6L (Glassdoor Est.),51 to 200 Employees,2005,Company - Private,Healthcare Services & Hospitals,Healthcare,$5 to $25 million (USD)
Associate Analyst- GBS,The Hackett Group,3.9,Hyderābād,₹6L - ₹8L (Glassdoor Est.),1001 to 5000 Employees,1997,Company - Public,Business consulting,Management and consulting,$100 to $500 million (USD)
Integration Data Analyst,Lloyd's Register Group,3.7,Mumbai,₹3L - ₹7L (Glassdoor Est.),5001 to 10000 Employees,1760,Company - Private,Business consulting,Management and consulting,$500 million to $1 billion (USD)
Operational Risk Analyst I - C09 Pune/ Chennai,Citi,3.7,Pune,₹5L - ₹10L (Glassdoor Est.),10000+ Employees,1812,Company - Public,Investment & Asset Management,Finance,$10+ billion (USD)
Data Management Analyst,Moody's,3.9,Bengaluru,₹7L - ₹8L (Glassdoor Est.),10000+ Employees,1900,Company - Public,Investment & Asset Management,Finance,Unknown / Non-Applicable
2200_Investment Risk Analyst,Recruise,4.7,Hyderābād,₹4L - ₹6L (Glassdoor Est.),51 to 200 Employees,2006,Company - Private,HR Consulting,Human resources and staffing,Unknown / Non-Applicable
Data Analyst,Barclays,3.9,Noida,₹8L - ₹9L (Glassdoor Est.),10000+ Employees,1690,Company - Public,Banking & Lending,Finance,$10+ billion (USD)
"Associate, Business Analyst - R360",Monotype,3.7,Noida,₹5L - ₹8L (Glassdoor Est.),501 to 1000 Employees,--,Company - Private,Enterprise Software & Network Solutions,Information Technology,$100 to $500 million (USD)
Translator/Data Analyst (Polish),S&P Global,4.1,Hyderābād,₹5L - ₹6L (Glassdoor Est.),10000+ Employees,1860,Company - Public,Research and development,Management and consulting,$10+ billion (USD)
Data Governance Analyst,S&P Global,4.1,Gurgaon,₹5L - ₹7L (Glassdoor Est.),10000+ Employees,1860,Company - Public,Research and development,Management and consulting,$10+ billion (USD)
Legal & Integrity Operations Developer & Data Analyst,HITACHI ENERGY TECHNOLOGY SERVICES PRIVATE LIMITED,4.1,Bengaluru,₹5L - ₹10L (Glassdoor Est.),10000+ Employees,2020,Company - Private,Energy & Utilities,"Energy, mining, utilities",$10+ billion (USD)
Junior Reporting Analyst,Arena Investors I Quaestor Advisors,4.1,Bengaluru,₹5L - ₹8L (Glassdoor Est.),51 to 200 Employees,2015,Company - Private,Investment & Asset Management,Finance,Unknown / Non-Applicable
Data Analyst (ONSITE – EUROPE),Squalas,5.0,Hyderābād,₹2L - ₹5L (Glassdoor Est.),1 to 50 Employees,--,Company - Private,--,--,Unknown / Non-Applicable
Associate Analyst,CmaxInsight,3.4,Noida,₹4L - ₹9L (Glassdoor Est.),1 to 50 Employees,--,Company - Private,--,--,Unknown / Non-Applicable
Data Analyst,Vixplor Analytics,5.0,Calcutta,₹4L - ₹6L (Glassdoor Est.),1 to 50 Employees,--,Contract,--,--,Unknown / Non-Applicable
Reliability Data Analyst,"Pinnacle Reliability India, PLC",3.3,Hyderābād,₹1L - ₹7L (Glassdoor Est.),501 to 1000 Employees,2006,Company - Private,Energy & Utilities,"Energy, mining, utilities",Unknown / Non-Applicable
"RCO WFM Analyst, RnC",Amazon Dev Center India - Hyderabad - A85,3.6,Hyderābād,₹5L - ₹7L (Glassdoor Est.),10000+ Employees,1994,Company - Public,Internet & Web Services,Information Technology,$10+ billion (USD)
"Manager, Data Analyst (User Insights)",MSD,4.1,Hyderābād,₹4L - ₹5L (Glassdoor Est.),10000+ Employees,1891,Company - Public,Biotech & Pharmaceuticals,Pharmaceutical and biotechnology,$10+ billion (USD)
Business Analyst - L3,Wipro Limited,3.6,Hyderābād,₹4L - ₹8L (Glassdoor Est.),10000+ Employees,1945,Company - Public,Information Technology Support Services,Information Technology,$5 to $10 billion (USD)
Business Analyst,Elorce,3.8,Hyderābād,₹3L - ₹9L (Glassdoor Est.),1 to 50 Employees,--,Company - Private,--,--,Unknown / Non-Applicable
"Manager, Data & Analytics",Mondelēz International,3.9,Mumbai,₹2L - ₹10L (Glassdoor Est.),5001 to 10000 Employees,2012,Company - Public,Food & Beverage Manufacturing,Manufacturing,$10+ billion (USD)
Data Analyst,Apsidata,3.9,Noida,₹6L - ₹9L (Glassdoor Est.),51 to 200 Employees,--,Company - Public,Information Technology Support Services,Information Technology,Unknown / Non-Applicable
Reporting Analysts,TB India Talent Acquisition,3.9,Gurgaon,₹4L (Employer Est.),5001 to 10000 Employees,1989,Company - Public,HR Consulting,Human resources and staffing,$2 to $5 billion (USD)
Management Trainee-PERSONAL LOANS-BIU (Business Intelligence Unit),Kotak Mahindra,3.5,Mumbai,₹6L - ₹7L (Glassdoor Est.),10000+ Employees,1985,Company - Public,Banking & Lending,Finance,$2 to $5 billion (USD)
Junior Business Analyst (Non-Tech),Sciative Solutions,3.7,Navi Mumbai,₹3L - ₹7L (Glassdoor Est.),51 to 200 Employees,2016,Company - Private,Information Technology Support Services,Information Technology,$5 to $25 million (USD)
Translator/Data Analyst (Polish),S&P Global,4.1,Gurgaon,₹5L - ₹7L (Glassdoor Est.),10000+ Employees,1860,Company - Public,Research and development,Management and consulting,$10+ billion (USD)
Business Data Analyst,Coolberg Beverages,2.6,Mumbai,₹4L - ₹6L (Employer Est.),201 to 500 Employees,2016,Company - Private,Food & Beverage Manufacturing,Manufacturing,$5 to $25 million (USD)
Business Analyst/Project Manager,"World Wide Technology Holding, LLC",3.9,Pune,₹4L - ₹10L (Glassdoor Est.),10000+ Employees,1990,Company - Private,Computer Hardware Development,Information Technology,$10+ billion (USD)
Research Analyst,Coleda B2B,4.7,Pune,₹2L - ₹3L (Glassdoor Est.),201 to 500 Employees,2018,Company - Private,Advertising & Public Relations,Media and communication,Unknown / Non-Applicable
Data Analysts,Patio Digital,2.0,Raipur,₹2L (Employer Est.),1 to 50 Employees,--,Company - Private,--,--,Unknown / Non-Applicable
Data Analyst,Thoucentric,4.0,Gurgaon,₹5L - ₹8L (Glassdoor Est.),501 to 1000 Employees,2015,Company - Private,Business consulting,Management and consulting,Unknown / Non-Applicable
"Associate Analyst, Analytics & Metrics",Mastercard,4.2,Gurgaon,₹6L - ₹10L (Glassdoor Est.),10000+ Employees,1966,Company - Public,Financial Transaction Processing,Finance,Unknown / Non-Applicable
Data Analyst(AI-LLM),RingCentral,3.4,Bengaluru,₹6L - ₹9L (Glassdoor Est.),5001 to 10000 Employees,2003,Company - Public,Information Technology Support Services,Information Technology,$1 to $5 million (USD)
Commercial Data Analyst,IWG Careers,2.7,Mumbai,₹3L - ₹6L (Glassdoor Est.),10000+ Employees,1989,Company - Public,Commercial Equipment Services,"Construction, repair and maintenance",$2 to $5 billion (USD)
"Analyst, Workforce Management",Evolent Health,3.5,Pune,₹5L - ₹7L (Glassdoor Est.),1001 to 5000 Employees,2011,Company - Public,Healthcare Services & Hospitals,Healthcare,$2 to $5 billion (USD)
Supply Chain Analyst / Trainee,Masycoda Solutions,4.5,Nāgpur,₹3L - ₹7L (Glassdoor Est.),1 to 50 Employees,--,Company - Private,--,--,Unknown / Non-Applicable
Research Analyst,Ideapoke,4.0,Bengaluru,₹6L - ₹8L (Glassdoor Est.),51 to 200 Employees,2012,Company - Private,Software Development,Information Technology,Unknown / Non-Applicable
Junior Research Analyst,TechiesGroup IT Solution Pvt Ltd,2.9,Gwalior,₹3L - ₹6L (Glassdoor Est.),Unknown,--,Company - Private,--,--,Unknown / Non-Applicable
Data Analyst,Ethicsinfotech,3.9,Gurgaon,₹3L - ₹8L (Glassdoor Est.),Unknown,--,Company - Public,--,--,Unknown / Non-Applicable
Data Analyst 2,Comcast Corporation,3.8,Chennai,₹3L - ₹6L (Glassdoor Est.),10000+ Employees,1963,Company - Public,Telecommunications Services,Telecommunications,$10+ billion (USD)
Data Analyst with QlikView,ITI Data,4.0,Hyderābād,₹4L - ₹6L (Glassdoor Est.),201 to 500 Employees,1999,Company - Private,Information Technology Support Services,Information Technology,Unknown / Non-Applicable
Benchmarking Analyst - TSI,BP Energy,3.9,Pune,₹7L - ₹10L (Glassdoor Est.),10000+ Employees,1908,Company - Public,Energy & Utilities,"Energy, mining, utilities",$10+ billion (USD)
Solution Design Analyst – Demand and Supply Planning (Kinaxis Maestro),BP Energy,3.9,Pune,₹5L - ₹8L (Glassdoor Est.),10000+ Employees,1908,Company - Public,Energy & Utilities,"Energy, mining, utilities",$10+ billion (USD)
Global Banking & Markets Operations - Policy & Quality Analytics - Analyst - Bengaluru,Goldman Sachs,3.8,Bengaluru,₹4L - ₹9L (Glassdoor Est.),10000+ Employees,1869,Company - Public,Investment & Asset Management,Finance,$10+ billion (USD)
Data Analyst,Shubhashray Housing India,4.2,Gurgaon,₹5L (Employer Est.),51 to 200 Employees,--,Company - Private,Real estate,Real estate,Unknown / Non-Applicable
JUNIOR BUSINESS ANALYST,Protocloud Technologies,5.0,Jaipur,₹3L - ₹6L (Glassdoor Est.),1 to 50 Employees,--,Company - Private,--,--,Unknown / Non-Applicable
Data Analytics I,Booking Holdings,4.0,Bengaluru,₹5L - ₹8L (Glassdoor Est.),10000+ Employees,1996,Company - Public,Internet & Web Services,Information Technology,$10+ billion (USD)
Business Analyst,Alter Domus,3.4,Hyderābād,₹6L - ₹8L (Glassdoor Est.),5001 to 10000 Employees,2003,Company - Private,Accounting & Tax,Finance,Unknown / Non-Applicable
Data Analysis,Rishi FIBC Solutions,3.1,Vadodara,₹2L - ₹6L (Glassdoor Est.),501 to 1000 Employees,--,Company - Private,--,--,Unknown / Non-Applicable
Research Analyst (Operations),Athena Executive Search,3.8,Gurgaon,₹3L - ₹4L (Glassdoor Est.),1 to 50 Employees,2010,Company - Private,Business consulting,Management and consulting,Unknown / Non-Applicable
FHIR Data Analyst,Infosys Limited,3.6,Bengaluru,₹4L - ₹8L (Glassdoor Est.),10000+ Employees,1981,Company - Public,Information Technology Support Services,Information Technology,$10+ billion (USD)
Business Operations Analyst,FULL Creative,4.0,Chennai,₹4L - ₹8L (Glassdoor Est.),501 to 1000 Employees,--,Company - Private,Software Development,Information Technology,Unknown / Non-Applicable
Systems and Performance Insights Analyst - TSI,BP Energy,3.9,Pune,₹5L - ₹8L (Glassdoor Est.),10000+ Employees,1908,Company - Public,Energy & Utilities,"Energy, mining, utilities",$10+ billion (USD)
Capital Reporting- Analyst,JPMorganChase,4.1,Mumbai,₹6L - ₹10L (Glassdoor Est.),10000+ Employees,1799,Company - Public,Banking & Lending,Finance,$10+ billion (USD)
"Senior Data Analyst, Market Data","Intercontinental Exchange Holdings, Inc.",3.4,Hyderābād,₹5L - ₹6L (Glassdoor Est.),5001 to 10000 Employees,2000,Company - Public,Stock Exchanges,Finance,$5 to $10 billion (USD)
"Business Analyst - Power BI, SCM",Carrier,3.6,Hyderābād,₹7L - ₹9L (Glassdoor Est.),10000+ Employees,1902,Company - Public,Machinery Manufacturing,Manufacturing,$10+ billion (USD)
Bioinformatics Analyst,Mapmygenome,2.9,Hyderābād,₹4L - ₹5L (Glassdoor Est.),51 to 200 Employees,--,Company - Private,--,--,Unknown / Non-Applicable
Technical Analyst - Research - Derivative,Aditya Birla Group,3.9,Maharashtra,₹3L (Employer Est.),10000+ Employees,1857,Company - Private,Consumer Product Manufacturing,Manufacturing,$10+ billion (USD)
Deputy Manager_Power BI Data Analyst_Pune,Vodafone,3.9,Pune,₹5L - ₹9L (Glassdoor Est.),10000+ Employees,1984,Company - Public,Telecommunications Services,Telecommunications,$10+ billion (USD)
Data Analyst,Cummins Inc.,4.0,Pune,₹6L - ₹8L (Glassdoor Est.),10000+ Employees,1919,Company - Public,Transportation Equipment Manufacturing,Manufacturing,$10+ billion (USD)
Fraud and Risk Analyst,iServeU,4.0,Bhubaneshwar,₹4L - ₹8L (Glassdoor Est.),501 to 1000 Employees,2016,Company - Private,Financial Transaction Processing,Finance,Unknown / Non-Applicable
Data Analyst - Apprentice,Decision Foundry,4.4,Bengaluru,₹5L - ₹8L (Glassdoor Est.),51 to 200 Employees,2022,Company - Private,Business consulting,Management and consulting,$5 to $25 million (USD)
Data Analyst - Attribution,Numerator,4.3,Vadodara,₹3L - ₹5L (Glassdoor Est.),5001 to 10000 Employees,2004,Company - Private,Internet & Web Services,Information Technology,$100 to $500 million (USD)
Ad Performance Reporting Analyst,SYNERGOS CONSULTING SERVICES,4.2,Bengaluru,₹5L - ₹8L (Glassdoor Est.),Unknown,--,Company - Private,--,--,Unknown / Non-Applicable
MDM Analyst,NielsenIQ,3.8,Pune,₹3L (Glassdoor Est.),10000+ Employees,1923,Company - Private,Information Technology Support Services,Information Technology,Unknown / Non-Applicable
Reference Data Analyst,Deutsche Bank,3.9,Bengaluru,₹6L - ₹7L (Glassdoor Est.),10000+ Employees,1870,Company - Public,Banking & Lending,Finance,$10+ billion (USD)
Data Analyst,Flixstock,4.0,Gurgaon,₹4L - ₹8L (Glassdoor Est.),201 to 500 Employees,--,Company - Private,--,--,Unknown / Non-Applicable
Data Scientist Analyst Asset and Wealth Management Risk,JPMorganChase,4.1,Bengaluru,₹3L - ₹5L (Glassdoor Est.),10000+ Employees,1799,Company - Public,Banking & Lending,Finance,$10+ billion (USD)
Business Analyst (Work from Office),TechMojo Solutions,4.0,Hyderābād,₹5L - ₹10L (Glassdoor Est.),201 to 500 Employees,2013,Company - Private,Internet & Web Services,Information Technology,Unknown / Non-Applicable
"Category Management Analyst, Center of Store",BP Energy,3.9,Pune,₹7L - ₹12L (Glassdoor Est.),10000+ Employees,1908,Company - Public,Energy & Utilities,"Energy, mining, utilities",$10+ billion (USD)
"Data Analyst (Kafka, API)",ITI Data,4.0,Chennai,₹3L - ₹5L (Glassdoor Est.),201 to 500 Employees,1999,Company - Private,Information Technology Support Services,Information Technology,Unknown / Non-Applicable
Senior Analyst - Logistics AU,BP Energy,3.9,Pune,₹7L - ₹10L (Glassdoor Est.),10000+ Employees,1908,Company - Public,Energy & Utilities,"Energy, mining, utilities",$10+ billion (USD)
Data Analyst with QlikView,ITI Data,4.0,Hyderābād,₹4L - ₹6L (Glassdoor Est.),201 to 500 Employees,1999,Company - Private,Information Technology Support Services,Information Technology,Unknown / Non-Applicable
Benchmarking Analyst - TSI,BP Energy,3.9,Pune,₹7L - ₹10L (Glassdoor Est.),10000+ Employees,1908,Company - Public,Energy & Utilities,"Energy, mining, utilities",$10+ billion (USD)
Reference Data Services Analyst 2 - C10 - GURGAON,Citi,3.7,Gurgaon,₹4L - ₹5L (Glassdoor Est.),10000+ Employees,1812,Company - Public,Investment & Asset Management,Finance,$10+ billion (USD)
Reference Data Analyst,Deutsche Bank,3.9,Bengaluru,₹6L - ₹7L (Glassdoor Est.),10000+ Employees,1870,Company - Public,Banking & Lending,Finance,$10+ billion (USD)
Associate Financial Analyst - PowerBI/DAX Expert,Maersk Line,4.0,Pune,₹5L - ₹7L (Glassdoor Est.),10000+ Employees,1928,Subsidiary or Business Segment,Shipping & Trucking,Transportation and logistics,$10+ billion (USD)
"Analyst, Open Banking Analytics",Mastercard,4.2,Navi Mumbai,₹5L - ₹9L (Glassdoor Est.),10000+ Employees,1966,Company - Public,Financial Transaction Processing,Finance,Unknown / Non-Applicable
Associate Research Analyst,PhillipCapital,3.0,Mumbai,₹6L - ₹10L (Glassdoor Est.),1 to 50 Employees,2010,Company - Private,Financial Transaction Processing,Finance,$5 to $25 million (USD)
Data Analyst,Natwest,4.1,Bengaluru,₹7L - ₹9L (Glassdoor Est.),10000+ Employees,1968,Subsidiary or Business Segment,Banking & Lending,Finance,$10+ billion (USD)
Business Analytics Analyst - C10 - MUMBAI,Citi,3.7,Mumbai,₹6L - ₹10L (Glassdoor Est.),10000+ Employees,1812,Company - Public,Investment & Asset Management,Finance,$10+ billion (USD)
Research Analyst,Finquest,3.7,India,₹3L (Employer Est.),201 to 500 Employees,2016,Company - Private,Investment & Asset Management,Finance,Unknown / Non-Applicable
Asset and Wealth Management - Marketing / Junior Designer - Analyst - Bengaluru,Goldman Sachs,3.8,Bengaluru,₹5L - ₹6L (Glassdoor Est.),10000+ Employees,1869,Company - Public,Investment & Asset Management,Finance,$10+ billion (USD)
Research Analyst,HEXAGON CAPITAL ADVISORS,4.3,Bengaluru,₹3L - ₹4L (Glassdoor Est.),1 to 50 Employees,--,Company - Private,--,--,Unknown / Non-Applicable
Risk Analyst,PhonePe,4.1,Bengaluru,₹7L - ₹8L (Glassdoor Est.),5001 to 10000 Employees,2015,Company - Private,Internet & Web Services,Information Technology,Unknown / Non-Applicable
Analyst - Economic Research,GD Research Center,3.4,Hyderābād,₹4L - ₹5L (Glassdoor Est.),1001 to 5000 Employees,2004,Company - Public,Research and development,Management and consulting,$100 to $500 million (USD)
Senior Data Research Analyst,Morningstar,4.0,Navi Mumbai,₹4L - ₹6L (Glassdoor Est.),10000+ Employees,1984,Company - Public,Research and development,Management and consulting,$2 to $5 billion (USD)
Resource Management Information Services – Analyst,Deloitte,4.0,Hyderābād,₹6L - ₹7L (Glassdoor Est.),10000+ Employees,1850,Company - Private,Business consulting,Management and consulting,Unknown / Non-Applicable
Data Analyst,Vimaan Robotics,3.5,Bengaluru,₹4L - ₹6L (Glassdoor Est.),Unknown,--,Company - Private,Machinery Manufacturing,Manufacturing,Unknown / Non-Applicable
Business Analyst - AMZL S&OP,ASSPL - Karnataka,3.6,Bengaluru,₹8L - ₹10L (Glassdoor Est.),10000+ Employees,1994,Company - Public,Internet & Web Services,Information Technology,$10+ billion (USD)
Business Analyst,Verve Systems,3.7,Ahmedabad,₹96T - ₹1L (Glassdoor Est.),51 to 200 Employees,2009,Private Practice / Firm,Information Technology Support Services,Information Technology,Unknown / Non-Applicable
Analytics Solutions Analyst - Team Leader,JPMorganChase,4.1,Hyderābād,₹2L - ₹7L (Glassdoor Est.),10000+ Employees,1799,Company - Public,Banking & Lending,Finance,$10+ billion (USD)
Data Analyst,Epiroc AB,4.0,Udaipur,₹4L - ₹8L (Glassdoor Est.),10000+ Employees,--,Company - Public,--,--,Unknown / Non-Applicable
Data Visualization Engineer Tech & Digital Hyderabad India JR00018054,Zoetis,4.0,Hyderābād,₹5L - ₹8L (Glassdoor Est.),10000+ Employees,2013,Company - Public,Biotech & Pharmaceuticals,Pharmaceutical and biotechnology,$5 to $10 billion (USD)
Careers-Research Analyst,BizRak Web Solutions,4.8,Elūru,₹3L - ₹6L (Glassdoor Est.),Unknown,--,Company - Private,--,--,Unknown / Non-Applicable
"Senior Data Analyst, Data Processing",PureSpectrum,4.0,Hyderābād,₹2L - ₹5L (Glassdoor Est.),51 to 200 Employees,--,Unknown,--,--,Unknown / Non-Applicable
"Senior Data Analyst, IN",DAZN Software Pvt Ltd,2.9,Hyderābād,₹8L - ₹10L (Glassdoor Est.),1001 to 5000 Employees,2015,Company - Private,Internet & Web Services,Information Technology,Unknown / Non-Applicable
Business Analyst,Snapper IT,4.3,Hyderābād,₹3L - ₹9L (Glassdoor Est.),1 to 50 Employees,--,Company - Public,--,--,Unknown / Non-Applicable
Market Research Analyst,Apeiron Global Pvt. Ltd,3.7,Bengaluru,₹4L - ₹8L (Glassdoor Est.),1 to 50 Employees,--,Company - Private,--,--,Unknown / Non-Applicable
Research Analyst - BA4,Barclays,3.9,Mumbai,₹8L - ₹9L (Glassdoor Est.),10000+ Employees,1690,Company - Public,Banking & Lending,Finance,$10+ billion (USD)
Research Analyst – Power Markets,"Council on Energy, Environment and Water",3.6,Lucknow,₹11L - ₹12L (Glassdoor Est.),1 to 50 Employees,--,Non-profit Organisation,Research and development,Management and consulting,Unknown / Non-Applicable
"Data Analyst (Kafka, API)",ITI Data,4.0,Chennai,₹3L - ₹5L (Glassdoor Est.),201 to 500 Employees,1999,Company - Private,Information Technology Support Services,Information Technology,Unknown / Non-Applicable
Data Analyst with QlikView,ITI Data,4.0,Hyderābād,₹4L - ₹6L (Glassdoor Est.),201 to 500 Employees,1999,Company - Private,Information Technology Support Services,Information Technology,Unknown / Non-Applicable
Analyst-Data Science,Amex,4.1,Gurgaon,₹4L - ₹8L (Glassdoor Est.),10000+ Employees,1850,Company - Public,Financial Transaction Processing,Finance,$10+ billion (USD)
Market Research Analyst,TecoBytes Solution,3.0,Bengaluru,₹4L - ₹8L (Glassdoor Est.),1 to 50 Employees,--,Company - Private,--,--,Unknown / Non-Applicable
Analyst - Business Consulting Risk - CHS - CNS - Risk - Digital Risk - Gurgaon,EY,3.7,Gurgaon,₹5L - ₹7L (Glassdoor Est.),10000+ Employees,1989,Company - Private,Accounting & Tax,Finance,$10+ billion (USD)
Market Research Analyst,Liamtra,4.2,Nagaland,₹15T - ₹25T (Employer Est.),1 to 50 Employees,2019,Company - Private,Travel Agencies,Hotel and travel accommodation,Unknown / Non-Applicable
Business Analyst Trainee - Freshers,SalesCode.ai,3.8,Gurgaon,₹6L - ₹11L (Employer Est.),201 to 500 Employees,2019,Company - Private,Research and development,Management and consulting,Unknown / Non-Applicable
CoRe Research & Insights (Cross-Industry) - Senior Analyst - Hyderabad,Deloitte,4.0,Hyderābād,₹6L - ₹8L (Glassdoor Est.),10000+ Employees,1850,Company - Private,Business consulting,Management and consulting,Unknown / Non-Applicable
Strategy & Business Intelligence Analyst,JPMorganChase,4.1,Bengaluru,₹7L - ₹8L (Glassdoor Est.),10000+ Employees,1799,Company - Public,Banking & Lending,Finance,$10+ billion (USD)
Data Analytics (Research Marketing),Maskoid Technologies,4.5,Vadodara,₹2L - ₹6L (Glassdoor Est.),1 to 50 Employees,--,Company - Private,--,--,Unknown / Non-Applicable
Research Analyst Operation,TechSci Research,2.8,Noida,₹4L - ₹6L (Glassdoor Est.),51 to 200 Employees,2009,Company - Private,Business consulting,Management and consulting,Unknown / Non-Applicable
Asset and Wealth Management - Fund and Information Management - Analyst - Bengaluru,Goldman Sachs,3.8,Bengaluru,₹6L - ₹7L (Glassdoor Est.),10000+ Employees,1869,Company - Public,Investment & Asset Management,Finance,$10+ billion (USD)
Analyst-Data Analytics (Tableau Developer),Amex,4.1,Gurgaon,₹4L - ₹8L (Glassdoor Est.),10000+ Employees,1850,Company - Public,Financial Transaction Processing,Finance,$10+ billion (USD)
Senior Data Analyst,TELUS Digital -,3.6,Gurgaon,₹3L - ₹4L (Glassdoor Est.),10000+ Employees,2005,Company - Public,Information Technology Support Services,Information Technology,Unknown / Non-Applicable
Senior Finance Data Analyst,Keyloop,4.3,Hyderābād,₹2L - ₹6L (Glassdoor Est.),Unknown,--,Company - Private,Software Development,Information Technology,Unknown / Non-Applicable
Business Intelligence Analyst,Scrumconnect Consulting,4.7,Bengaluru,₹15L - ₹20L (Employer Est.),201 to 500 Employees,2011,Company - Private,Information Technology Support Services,Information Technology,$25 to $50 million (USD)
Data Support Analyst – Expert Level – 43166-1,Pantheon Inc.,4.4,Bengaluru,₹5L - ₹9L (Glassdoor Est.),1001 to 5000 Employees,1997,Company - Private,Information Technology Support Services,Information Technology,$25 to $50 million (USD)
Global Planning Analyst,BP Energy,3.9,Pune,₹7L - ₹10L (Glassdoor Est.),10000+ Employees,1908,Company - Public,Energy & Utilities,"Energy, mining, utilities",$10+ billion (USD)
"Category Management Analyst, Foodservice and Beverage",BP Energy,3.9,Pune,₹7L - ₹12L (Glassdoor Est.),10000+ Employees,1908,Company - Public,Energy & Utilities,"Energy, mining, utilities",$10+ billion (USD)
Senior Data Expert (Data Analyst & Data Modeler)/ Senior Consultant Specialist,HSBC,3.9,Hyderābād,₹7L - ₹8L (Glassdoor Est.),10000+ Employees,1865,Company - Public,Banking & Lending,Finance,$10+ billion (USD)
Business Analyst,Priceline.com,3.8,Mumbai,₹3L - ₹8L (Glassdoor Est.),501 to 1000 Employees,1997,Company - Public,Internet & Web Services,Information Technology,Unknown / Non-Applicable
Analyst/Senior Analyst – Client Analytics and Performance Reporting,Delta Capita,3.3,Bengaluru,₹4L - ₹7L (Glassdoor Est.),501 to 1000 Employees,2012,Company - Private,Investment & Asset Management,Finance,$25 to $50 million (USD)
Business Intelligence Analyst,Avalara,3.4,Pune,₹3L - ₹6L (Glassdoor Est.),1001 to 5000 Employees,2004,Company - Private,Enterprise Software & Network Solutions,Information Technology,Unknown / Non-Applicable
Senior Data Analyst/SME,Equiniti,3.8,Bengaluru,₹5L - ₹9L (Glassdoor Est.),5001 to 10000 Employees,2007,Company - Private,Financial Transaction Processing,Finance,$100 to $500 million (USD)
Data Visualisation Analyst,Pulsus Group,4.2,Hyderābād,₹2L - ₹4L (Glassdoor Est.),Unknown,--,Company - Private,Publishing,Media and communication,Unknown / Non-Applicable
Data Analyst,Priceline.com,3.8,Mumbai,₹3L - ₹9L (Glassdoor Est.),501 to 1000 Employees,1997,Company - Public,Internet & Web Services,Information Technology,Unknown / Non-Applicable
Business Intelligence Analyst,Head Digital Works,3.8,Hyderābād,₹5L - ₹7L (Glassdoor Est.),501 to 1000 Employees,2006,Company - Private,Information Technology Support Services,Information Technology,Unknown / Non-Applicable
Business Analyst,Novisync,3.4,Visakhapatnam,₹4L - ₹8L (Glassdoor Est.),51 to 200 Employees,2007,Company - Private,Computer Hardware Development,Information Technology,$5 to $25 million (USD)
Data Analyst,SIMPLY VYAPAR APPS PRIVATE LIMITED,4.0,Bengaluru,₹6L - ₹10L (Glassdoor Est.),201 to 500 Employees,2016,Company - Private,Accounting & Tax,Finance,Unknown / Non-Applicable
Research Analyst,Net Square Solutions,4.4,Ahmedabad,₹4L - ₹5L (Glassdoor Est.),51 to 200 Employees,2001,Company - Private,Information Technology Support Services,Information Technology,Unknown / Non-Applicable
Data Analyst,Expertrons,3.8,Hyderābād,₹8L - ₹15L (Employer Est.),51 to 200 Employees,2019,Company - Private,Education Support & Training Services,Education,Unknown / Non-Applicable
Business Analyst - Data Domain,NTT DATA,3.8,Bengaluru,₹5L - ₹8L (Glassdoor Est.),10000+ Employees,1988,Company - Public,Information Technology Support Services,Information Technology,$10+ billion (USD)
Global Banking & Markets Operations - Business Intelligence - Associate - Bengaluru,Goldman Sachs,3.8,Bengaluru,₹9L - ₹10L (Glassdoor Est.),10000+ Employees,1869,Company - Public,Investment & Asset Management,Finance,$10+ billion (USD)
Analyst Power BI,Novo Nordisk,4.3,Bengaluru,₹4L - ₹7L (Glassdoor Est.),10000+ Employees,1923,Company - Public,Biotech & Pharmaceuticals,Pharmaceutical and biotechnology,$10+ billion (USD)
Business Systems Analyst,Equinix,3.9,Bengaluru,₹5L - ₹8L (Glassdoor Est.),10000+ Employees,1998,Company - Public,Enterprise Software & Network Solutions,Information Technology,$25 to $50 million (USD)
AI Data Analyst,Techwyse IT Solutions Private Limited,3.8,Cochin,₹35T (Employer Est.),Unknown,--,Company - Public,--,--,Unknown / Non-Applicable
Business Analyst,XL Catlin,3.8,Bengaluru,₹4L - ₹5L (Glassdoor Est.),5001 to 10000 Employees,1986,Company - Public,Insurance Carriers,Insurance,$5 to $10 billion (USD)
Business Analyst (MSI),Maruti Suzuki India Ltd,3.8,Gurgaon,₹4L - ₹7L (Glassdoor Est.),10000+ Employees,--,Company - Public,Transportation Equipment Manufacturing,Manufacturing,$10+ billion (USD)
Data Analyst,Terrabit Consulting,4.4,Bengaluru,₹10L (Glassdoor Est.),501 to 1000 Employees,2009,Company - Private,Information Technology Support Services,Information Technology,Unknown / Non-Applicable
Product Analyst,Sciative Solutions,3.7,Navi Mumbai,₹4L - ₹9L (Glassdoor Est.),51 to 200 Employees,2016,Company - Private,Information Technology Support Services,Information Technology,$5 to $25 million (USD)
MEDICAL DATA ANALYST,OMH HealthEdge Holdings,4.0,Navi Mumbai,₹4L - ₹5L (Glassdoor Est.),10000+ Employees,2003,Company - Private,Healthcare Services & Hospitals,Healthcare,$100 to $500 million (USD)
"Business Analyst, EDI (Electronic Data Interchange)","Sensata Technologies, Inc.",3.5,Pune,₹4L - ₹10L (Glassdoor Est.),10000+ Employees,1916,Company - Public,Electronics Manufacturing,Manufacturing,$1 to $5 million (USD)
Senior Analyst - Data Analysis,Tesco India,3.8,Bengaluru,₹6L - ₹10L (Glassdoor Est.),10000+ Employees,1919,Company - Private,Grocery Stores,Retail and wholesale,Unknown / Non-Applicable
Senior Business Analyst,HSBC,3.9,Hyderābād,₹4L - ₹8L (Glassdoor Est.),10000+ Employees,1865,Company - Public,Banking & Lending,Finance,$10+ billion (USD)
Business Intelligence- MIS,5paisa Capital,3.5,Mumbai,₹4L - ₹7L (Glassdoor Est.),201 to 500 Employees,--,Company - Public,--,--,Unknown / Non-Applicable
Financial Reporting Analyst,UPS India,3.5,Chennai,₹4L - ₹9L (Glassdoor Est.),10000+ Employees,1907,Company - Public,Shipping & Trucking,Transportation and logistics,$10+ billion (USD)
Senior Associate - Data Change Analyst,Macquarie Group Limited,3.8,Gurgaon,₹8L - ₹10L (Glassdoor Est.),10000+ Employees,1969,Company - Public,Investment & Asset Management,Finance,$5 to $10 billion (USD)
Senior Analyst - Data Analytics,Verint Systems Inc.,4.0,Bengaluru,₹10L (Glassdoor Est.),1001 to 5000 Employees,1994,Company - Public,Enterprise Software & Network Solutions,Information Technology,Unknown / Non-Applicable
Manager - Data Analytics,1 Finance,4.9,Mumbai,₹5L - ₹6L (Glassdoor Est.),51 to 200 Employees,2022,Company - Private,Investment & Asset Management,Finance,Unknown / Non-Applicable
Business Analyst ( 2+ years ),Bhanzu( formerly Exploring Infinities Edtech Private Limited),3.9,Bengaluru,₹5L - ₹8L (Employer Est.),501 to 1000 Employees,2020,Company - Private,Primary & Secondary Schools,Education,Unknown / Non-Applicable
Data Analyst - SCM,Ingersoll Rand,3.6,Chennai,₹3L - ₹7L (Glassdoor Est.),10000+ Employees,1859,Company - Public,Machinery Manufacturing,Manufacturing,$5 to $10 billion (USD)
